nohup: ignoring input

  === EXP-002 PV audit — 5x3-h2 ===
  database: data/checkpoints/5x3-h2
  root value from the sweep: P1
  interpreter: pypy 3.11.15
  node budget: 5,000,000,000 per position
  RESUMING from results/exp002-pv-audit-5x3-h2.json: 13 PV positions and 0 first moves decided
  retrying 2 PV positions and 7 first moves that ran out of budget last time

  principal variation, 15 plies:
    A1:P1:0 E3:P6:0 A2:P2-adj:0 E2:P3-y:5 A3:P2-skip:0 E1:P3-fan:5 B1:P2-opp:0 D3:P2-opp:2 B2:P3-fan:3 D2:P2-skip:5 B3:P6:0 D1:P2-adj:5 C1:P3-y:2 C3:P1:5 C2:P3-tri:0

nohup: ignoring input

  === EXP-002 PV audit — 5x3-h2 ===
  database: data/checkpoints/5x3-h2
  root value from the sweep: P1
  interpreter: pypy 3.11.15
  node budget: 5,000,000,000 per position
  heartbeat: every 300s
  RESUMING from results/exp002-pv-audit-5x3-h2.json: 13 PV positions and 0 first moves decided
  retrying 2 PV positions and 7 first moves that ran out of budget last time

  principal variation, 15 plies:
    A1:P1:0 E3:P6:0 A2:P2-adj:0 E2:P3-y:5 A3:P2-skip:0 E1:P3-fan:5 B1:P2-opp:0 D3:P2-opp:2 B2:P3-fan:3 D2:P2-skip:5 B3:P6:0 D1:P2-adj:5 C1:P3-y:2 C3:P1:5 C2:P3-tri:0

  part 1 — re-deriving every position on the PV by forward search
    (independent table per position — see the comment in the source)
      [08-20 14:11] pv ply 0      12,352,537 nodes    144,219/s   0.02 h cpu    0.2% of budget  (+0.06 h suspended)
      [08-20 14:16] pv ply 0      55,051,181 nodes    142,482/s   0.11 h cpu    1.1% of budget  (+0.06 h suspended)
      [08-20 14:21] pv ply 0      96,528,535 nodes    140,540/s   0.19 h cpu    1.9% of budget  (+0.06 h suspended)
      [08-20 14:26] pv ply 0     134,268,692 nodes    135,946/s   0.27 h cpu    2.7% of budget  (+0.06 h suspended)
      [08-20 14:31] pv ply 0     172,565,404 nodes    133,974/s   0.36 h cpu    3.5% of budget  (+0.06 h suspended)
      [08-20 14:36] pv ply 0     208,383,342 nodes    131,153/s   0.44 h cpu    4.2% of budget  (+0.06 h suspended)
      [08-20 14:41] pv ply 0     242,551,943 nodes    128,383/s   0.52 h cpu    4.9% of budget  (+0.06 h suspended)
      [08-20 14:46] pv ply 0     277,129,240 nodes    126,554/s   0.61 h cpu    5.5% of budget  (+0.06 h suspended)
      [08-20 14:51] pv ply 0     314,598,448 nodes    126,338/s   0.69 h cpu    6.3% of budget  (+0.06 h suspended)
      [08-20 14:56] pv ply 0     347,909,736 nodes    124,673/s   0.78 h cpu    7.0% of budget  (+0.06 h suspended)
      [08-20 15:01] pv ply 0     382,837,399 nodes    123,848/s   0.86 h cpu    7.7% of budget  (+0.06 h suspended)
      [08-20 15:06] pv ply 0     421,172,093 nodes    124,173/s   0.94 h cpu    8.4% of budget  (+0.06 h suspended)
      [08-20 15:11] pv ply 0     451,275,100 nodes    122,222/s   1.03 h cpu    9.0% of budget  (+0.06 h suspended)
      [08-20 15:12] pv ply 0     485,338,729 nodes    121,549/s   1.11 h cpu    9.7% of budget
      [08-20 15:17] pv ply 0     491,370,802 nodes    120,501/s   1.13 h cpu    9.8% of budget  (+0.06 h suspended)
      [08-20 15:22] pv ply 0     525,185,118 nodes    119,957/s   1.22 h cpu   10.5% of budget  (+0.06 h suspended)
      [08-20 15:27] pv ply 0     553,207,518 nodes    118,238/s   1.30 h cpu   11.1% of budget  (+0.06 h suspended)
      [08-20 15:32] pv ply 0     588,622,320 nodes    118,203/s   1.38 h cpu   11.8% of budget  (+0.06 h suspended)
      [08-20 15:33] pv ply 0     617,081,431 nodes    116,856/s   1.47 h cpu   12.3% of budget
      [08-20 15:38] pv ply 0     628,409,517 nodes    117,125/s   1.49 h cpu   12.6% of budget  (+0.06 h suspended)
      [08-20 15:40] pv ply 0     659,939,956 nodes    116,458/s   1.57 h cpu   13.2% of budget
      [08-20 15:45] pv ply 0     660,670,005 nodes    114,880/s   1.60 h cpu   13.2% of budget  (+0.06 h suspended)
      [08-20 15:50] pv ply 0     685,808,582 nodes    113,325/s   1.68 h cpu   13.7% of budget  (+0.06 h suspended)
      [08-20 15:55] pv ply 0     704,291,006 nodes    110,869/s   1.76 h cpu   14.1% of budget  (+0.06 h suspended)
      [08-20 15:56] pv ply 0     709,841,346 nodes    110,261/s   1.79 h cpu   14.2% of budget  (+0.06 h suspended)
      [08-20 16:01] pv ply 0     726,982,524 nodes    107,853/s   1.87 h cpu   14.5% of budget  (+0.06 h suspended)
      [08-20 16:00] pv ply 0     727,232,740 nodes    106,246/s   1.90 h cpu   14.5% of budget
      [08-20 16:05] pv ply 0     729,304,152 nodes    105,255/s   1.92 h cpu   14.6% of budget  (+0.06 h suspended)
      [08-20 16:06] pv ply 0     750,214,850 nodes    103,669/s   2.01 h cpu   15.0% of budget
      [08-20 16:08] pv ply 0     750,262,496 nodes    102,352/s   2.04 h cpu   15.0% of budget
      [08-20 16:09] pv ply 0     750,419,233 nodes    101,011/s   2.06 h cpu   15.0% of budget
      [08-20 16:14] pv ply 0     750,648,452 nodes     99,883/s   2.09 h cpu   15.0% of budget  (+0.06 h suspended)
      [08-20 16:19] pv ply 0     765,881,786 nodes     97,992/s   2.17 h cpu   15.3% of budget  (+0.06 h suspended)
      [08-20 16:21] pv ply 0     773,439,117 nodes     95,284/s   2.25 h cpu   15.5% of budget
      [08-20 16:26] pv ply 0     773,536,613 nodes     94,308/s   2.28 h cpu   15.5% of budget  (+0.06 h suspended)
      [08-20 16:24] pv ply 0     773,784,896 nodes     93,355/s   2.30 h cpu   15.5% of budget
      [08-20 16:29] pv ply 0     776,360,159 nodes     92,727/s   2.33 h cpu   15.5% of budget  (+0.06 h suspended)
      [08-20 16:34] pv ply 0     795,688,960 nodes     91,742/s   2.41 h cpu   15.9% of budget  (+0.06 h suspended)
      [08-20 16:39] pv ply 0     796,980,886 nodes     88,814/s   2.49 h cpu   15.9% of budget  (+0.06 h suspended)
      [08-20 16:36] pv ply 0     797,151,544 nodes     87,982/s   2.52 h cpu   15.9% of budget
      [08-20 16:41] pv ply 0     797,459,895 nodes     87,210/s   2.54 h cpu   15.9% of budget  (+0.06 h suspended)
      [08-20 16:46] pv ply 0     813,213,078 nodes     86,104/s   2.62 h cpu   16.3% of budget  (+0.06 h suspended)
      [08-20 16:48] pv ply 0     819,926,529 nodes     84,122/s   2.71 h cpu   16.4% of budget
      [08-20 16:53] pv ply 0     820,069,362 nodes     83,128/s   2.74 h cpu   16.4% of budget  (+0.06 h suspended)
      [08-20 16:51] pv ply 0     820,314,451 nodes     82,371/s   2.77 h cpu   16.4% of budget
      [08-20 16:56] pv ply 0     821,268,692 nodes     81,755/s   2.79 h cpu   16.4% of budget  (+0.06 h suspended)
      [08-20 17:01] pv ply 0     838,059,618 nodes     81,004/s   2.87 h cpu   16.8% of budget  (+0.06 h suspended)
      [08-20 17:03] pv ply 0     842,961,566 nodes     79,165/s   2.96 h cpu   16.9% of budget
      [08-20 17:05] pv ply 0     843,106,954 nodes     78,266/s   2.99 h cpu   16.9% of budget
      [08-20 17:06] pv ply 0     843,294,740 nodes     77,628/s   3.02 h cpu   16.9% of budget
      [08-20 17:11] pv ply 0     843,726,428 nodes     77,076/s   3.04 h cpu   16.9% of budget  (+0.06 h suspended)
      [08-20 17:16] pv ply 0     858,726,867 nodes     76,351/s   3.12 h cpu   17.2% of budget  (+0.06 h suspended)
      [08-20 17:18] pv ply 0     865,677,803 nodes     74,947/s   3.21 h cpu   17.3% of budget
      [08-20 17:19] pv ply 0     865,739,019 nodes     74,353/s   3.23 h cpu   17.3% of budget
      [08-20 17:21] pv ply 0     865,874,323 nodes     73,746/s   3.26 h cpu   17.3% of budget
      [08-20 17:23] pv ply 0     866,042,373 nodes     73,024/s   3.29 h cpu   17.3% of budget
      [08-20 17:24] pv ply 0     866,165,918 nodes     72,520/s   3.32 h cpu   17.3% of budget
      [08-20 17:30] pv ply 0     868,165,698 nodes     72,176/s   3.34 h cpu   17.4% of budget  (+0.06 h suspended)
      [08-20 17:35] pv ply 0     881,416,767 nodes     71,492/s   3.42 h cpu   17.6% of budget  (+0.06 h suspended)
      [08-20 17:36] pv ply 0     889,245,985 nodes     70,387/s   3.51 h cpu   17.8% of budget
      [08-20 17:38] pv ply 0     889,275,610 nodes     69,795/s   3.54 h cpu   17.8% of budget
      [08-20 17:39] pv ply 0     889,413,342 nodes     69,322/s   3.56 h cpu   17.8% of budget
      [08-20 17:41] pv ply 0     889,447,841 nodes     68,850/s   3.59 h cpu   17.8% of budget
      [08-20 17:42] pv ply 0     889,600,496 nodes     68,367/s   3.61 h cpu   17.8% of budget
      [08-20 17:44] pv ply 0     889,719,692 nodes     67,914/s   3.64 h cpu   17.8% of budget
      [08-20 17:49] pv ply 0     890,982,750 nodes     67,575/s   3.66 h cpu   17.8% of budget  (+0.06 h suspended)
      [08-20 17:54] pv ply 0     905,548,432 nodes     67,149/s   3.75 h cpu   18.1% of budget  (+0.06 h suspended)
      [08-20 17:55] pv ply 0     911,324,442 nodes     66,036/s   3.83 h cpu   18.2% of budget
      [08-20 17:57] pv ply 0     911,348,730 nodes     65,547/s   3.86 h cpu   18.2% of budget
      [08-20 17:59] pv ply 0     911,446,271 nodes     65,136/s   3.89 h cpu   18.2% of budget
      [08-20 18:01] pv ply 0     911,531,123 nodes     64,604/s   3.92 h cpu   18.2% of budget
      [08-20 18:02] pv ply 0     911,707,247 nodes     64,193/s   3.95 h cpu   18.2% of budget
      [08-20 18:04] pv ply 0     911,819,887 nodes     63,811/s   3.97 h cpu   18.2% of budget
      [08-20 18:09] pv ply 0     913,420,337 nodes     63,534/s   3.99 h cpu   18.3% of budget  (+0.06 h suspended)
      [08-20 18:14] pv ply 0     926,105,527 nodes     63,098/s   4.08 h cpu   18.5% of budget  (+0.06 h suspended)
      [08-20 18:16] pv ply 0     936,262,796 nodes     62,358/s   4.17 h cpu   18.7% of budget
      [08-20 18:18] pv ply 0     936,276,117 nodes     61,872/s   4.20 h cpu   18.7% of budget
      [08-20 18:19] pv ply 0     936,303,094 nodes     61,452/s   4.23 h cpu   18.7% of budget
      [08-20 18:21] pv ply 0     936,374,845 nodes     61,102/s   4.26 h cpu   18.7% of budget
      [08-20 18:23] pv ply 0     936,470,116 nodes     60,567/s   4.29 h cpu   18.7% of budget
      [08-20 18:28] pv ply 0     936,613,762 nodes     60,218/s   4.32 h cpu   18.7% of budget  (+0.06 h suspended)
      [08-20 18:26] pv ply 0     936,725,355 nodes     59,886/s   4.34 h cpu   18.7% of budget
      [08-20 18:31] pv ply 0     937,168,816 nodes     59,582/s   4.37 h cpu   18.7% of budget  (+0.06 h suspended)
      [08-20 18:36] pv ply 0     949,135,649 nodes     59,212/s   4.45 h cpu   19.0% of budget  (+0.06 h suspended)
      [08-20 18:38] pv ply 0     961,069,632 nodes     58,675/s   4.55 h cpu   19.2% of budget
      [08-20 18:41] pv ply 0     961,082,164 nodes     58,197/s   4.59 h cpu   19.2% of budget
      [08-20 18:42] pv ply 0     961,101,318 nodes     57,827/s   4.62 h cpu   19.2% of budget
      [08-20 18:44] pv ply 0     961,134,593 nodes     57,487/s   4.64 h cpu   19.2% of budget
      [08-20 18:46] pv ply 0     961,186,354 nodes     57,185/s   4.67 h cpu   19.2% of budget
      [08-20 18:48] pv ply 0     961,287,540 nodes     56,655/s   4.71 h cpu   19.2% of budget
      [08-20 18:50] pv ply 0     961,412,404 nodes     56,349/s   4.74 h cpu   19.2% of budget
      [08-20 18:51] pv ply 0     961,537,497 nodes     56,072/s   4.76 h cpu   19.2% of budget
      [08-20 18:53] pv ply 0     961,610,370 nodes     55,787/s   4.79 h cpu   19.2% of budget
      [08-20 18:58] pv ply 0     963,848,101 nodes     55,644/s   4.81 h cpu   19.3% of budget  (+0.06 h suspended)
      [08-20 19:03] pv ply 0     976,780,924 nodes     55,430/s   4.90 h cpu   19.5% of budget  (+0.06 h suspended)
      [08-20 19:05] pv ply 0     987,246,741 nodes     54,924/s   4.99 h cpu   19.7% of budget
      [08-20 19:07] pv ply 0     987,257,989 nodes     54,536/s   5.03 h cpu   19.7% of budget
      [08-20 19:09] pv ply 0     987,276,035 nodes     54,198/s   5.06 h cpu   19.7% of budget
      [08-20 19:11] pv ply 0     987,301,820 nodes     53,892/s   5.09 h cpu   19.7% of budget
      [08-20 19:12] pv ply 0     987,333,854 nodes     53,622/s   5.11 h cpu   19.7% of budget
      [08-20 19:14] pv ply 0     987,381,547 nodes     53,349/s   5.14 h cpu   19.7% of budget
      [08-20 19:17] pv ply 0     987,456,244 nodes     52,868/s   5.19 h cpu   19.7% of budget
      [08-20 19:18] pv ply 0     987,573,136 nodes     52,617/s   5.21 h cpu   19.8% of budget
      [08-20 19:23] pv ply 0     987,651,952 nodes     52,384/s   5.24 h cpu   19.8% of budget  (+0.06 h suspended)
      [08-20 19:21] pv ply 0     987,748,678 nodes     52,150/s   5.26 h cpu   19.8% of budget
      [08-20 19:26] pv ply 0     988,216,644 nodes     51,931/s   5.29 h cpu   19.8% of budget  (+0.06 h suspended)
      [08-20 19:31] pv ply 0     997,565,879 nodes     51,608/s   5.37 h cpu   20.0% of budget  (+0.06 h suspended)
      [08-20 19:36] pv ply 0   1,010,281,151 nodes     51,466/s   5.45 h cpu   20.2% of budget  (+0.06 h suspended)
      [08-20 19:38] pv ply 0   1,012,179,347 nodes     50,748/s   5.54 h cpu   20.2% of budget
      [08-20 19:40] pv ply 0   1,012,193,360 nodes     50,484/s   5.57 h cpu   20.2% of budget
      [08-20 19:41] pv ply 0   1,012,214,339 nodes     50,217/s   5.60 h cpu   20.2% of budget
      [08-20 19:43] pv ply 0   1,012,240,535 nodes     49,980/s   5.63 h cpu   20.2% of budget
      [08-20 19:45] pv ply 0   1,012,269,915 nodes     49,743/s   5.65 h cpu   20.2% of budget
      [08-20 19:46] pv ply 0   1,012,308,632 nodes     49,523/s   5.68 h cpu   20.2% of budget
      [08-20 19:48] pv ply 0   1,012,357,031 nodes     49,292/s   5.71 h cpu   20.2% of budget
      [08-20 19:50] pv ply 0   1,012,387,603 nodes     48,996/s   5.74 h cpu   20.2% of budget
      [08-20 19:51] pv ply 0   1,012,502,186 nodes     48,789/s   5.76 h cpu   20.3% of budget
      [08-20 19:53] pv ply 0   1,012,607,101 nodes     48,595/s   5.79 h cpu   20.3% of budget
      [08-20 19:54] pv ply 0   1,012,670,875 nodes     48,392/s   5.81 h cpu   20.3% of budget
      [08-20 19:59] pv ply 0   1,013,244,892 nodes     48,209/s   5.84 h cpu   20.3% of budget  (+0.06 h suspended)
      [08-20 20:04] pv ply 0   1,023,667,064 nodes     48,019/s   5.92 h cpu   20.5% of budget  (+0.06 h suspended)
      [08-20 20:07] pv ply 0   1,037,070,802 nodes     47,831/s   6.02 h cpu   20.7% of budget
      [08-20 20:10] pv ply 0   1,037,080,714 nodes     47,460/s   6.07 h cpu   20.7% of budget
      [08-20 20:12] pv ply 0   1,037,094,287 nodes     47,195/s   6.10 h cpu   20.7% of budget
      [08-20 20:13] pv ply 0   1,037,110,970 nodes     46,969/s   6.13 h cpu   20.7% of budget
      [08-20 20:15] pv ply 0   1,037,130,305 nodes     46,737/s   6.16 h cpu   20.7% of budget
      [08-20 20:17] pv ply 0   1,037,152,716 nodes     46,521/s   6.19 h cpu   20.7% of budget
      [08-20 20:19] pv ply 0   1,037,173,778 nodes     46,304/s   6.22 h cpu   20.7% of budget
      [08-20 20:20] pv ply 0   1,037,195,668 nodes     46,105/s   6.25 h cpu   20.7% of budget
      [08-20 20:22] pv ply 0   1,037,223,239 nodes     45,912/s   6.28 h cpu   20.7% of budget
      [08-20 20:27] pv ply 0   1,037,256,048 nodes     45,723/s   6.30 h cpu   20.7% of budget  (+0.06 h suspended)
      [08-20 20:26] pv ply 0   1,037,282,008 nodes     45,468/s   6.34 h cpu   20.7% of budget
      [08-20 20:27] pv ply 0   1,037,383,261 nodes     45,286/s   6.36 h cpu   20.7% of budget
      [08-20 20:29] pv ply 0   1,037,475,307 nodes     45,124/s   6.39 h cpu   20.7% of budget
      [08-20 20:30] pv ply 0   1,037,561,780 nodes     44,947/s   6.41 h cpu   20.8% of budget
      [08-20 20:32] pv ply 0   1,037,607,534 nodes     44,761/s   6.44 h cpu   20.8% of budget
      [08-20 20:37] pv ply 0   1,039,140,415 nodes     44,662/s   6.46 h cpu   20.8% of budget  (+0.06 h suspended)
      [08-20 20:42] pv ply 0   1,048,503,386 nodes     44,490/s   6.55 h cpu   21.0% of budget  (+0.06 h suspended)
      [08-20 20:47] pv ply 0   1,061,001,747 nodes     44,454/s   6.63 h cpu   21.2% of budget  (+0.06 h suspended)
      [08-20 20:48] pv ply 0   1,061,680,266 nodes     43,922/s   6.71 h cpu   21.2% of budget
      [08-20 20:50] pv ply 0   1,061,690,030 nodes     43,723/s   6.75 h cpu   21.2% of budget
      [08-20 20:52] pv ply 0   1,061,705,093 nodes     43,519/s   6.78 h cpu   21.2% of budget
      [08-20 20:54] pv ply 0   1,061,722,021 nodes     43,323/s   6.81 h cpu   21.2% of budget
      [08-20 20:56] pv ply 0   1,061,742,248 nodes     43,129/s   6.84 h cpu   21.2% of budget
      [08-20 21:01] pv ply 0   1,061,762,703 nodes     42,929/s   6.87 h cpu   21.2% of budget  (+0.06 h suspended)
      [08-20 20:59] pv ply 0   1,061,785,098 nodes     42,751/s   6.90 h cpu   21.2% of budget
      [08-20 21:01] pv ply 0   1,061,808,694 nodes     42,572/s   6.93 h cpu   21.2% of budget
      [08-20 21:03] pv ply 0   1,061,829,959 nodes     42,398/s   6.96 h cpu   21.2% of budget
      [08-20 21:04] pv ply 0   1,061,855,443 nodes     42,234/s   6.98 h cpu   21.2% of budget
      [08-20 21:06] pv ply 0   1,061,884,541 nodes     42,077/s   7.01 h cpu   21.2% of budget
      [08-20 21:11] pv ply 0   1,061,889,463 nodes     41,930/s   7.03 h cpu   21.2% of budget  (+0.06 h suspended)
      [08-20 21:09] pv ply 0   1,061,983,072 nodes     41,782/s   7.06 h cpu   21.2% of budget
      [08-20 21:10] pv ply 0   1,062,080,267 nodes     41,641/s   7.08 h cpu   21.2% of budget
      [08-20 21:12] pv ply 0   1,062,163,711 nodes     41,502/s   7.11 h cpu   21.2% of budget
      [08-20 21:17] pv ply 0   1,062,211,826 nodes     41,362/s   7.13 h cpu   21.2% of budget  (+0.06 h suspended)
      [08-20 21:18] pv ply 0   1,063,132,965 nodes     41,261/s   7.16 h cpu   21.3% of budget  (+0.06 h suspended)
      [08-20 21:23] pv ply 0   1,071,912,821 nodes     41,122/s   7.24 h cpu   21.4% of budget  (+0.06 h suspended)
      [08-20 21:28] pv ply 0   1,084,331,855 nodes     41,124/s   7.32 h cpu   21.7% of budget  (+0.06 h suspended)
      [08-20 21:30] pv ply 0   1,087,224,549 nodes     40,738/s   7.41 h cpu   21.7% of budget
      [08-20 21:32] pv ply 0   1,087,232,791 nodes     40,587/s   7.44 h cpu   21.7% of budget
      [08-20 21:34] pv ply 0   1,087,246,165 nodes     40,401/s   7.48 h cpu   21.7% of budget
      [08-20 21:36] pv ply 0   1,087,261,290 nodes     40,237/s   7.51 h cpu   21.7% of budget
      [08-20 21:41] pv ply 0   1,087,278,662 nodes     40,064/s   7.54 h cpu   21.7% of budget  (+0.06 h suspended)
      [08-20 21:40] pv ply 0   1,087,297,547 nodes     39,899/s   7.57 h cpu   21.7% of budget
      [08-20 21:41] pv ply 0   1,087,316,564 nodes     39,730/s   7.60 h cpu   21.7% of budget
      [08-20 21:43] pv ply 0   1,087,337,123 nodes     39,564/s   7.63 h cpu   21.7% of budget
      [08-20 21:45] pv ply 0   1,087,358,443 nodes     39,415/s   7.66 h cpu   21.7% of budget
      [08-20 21:47] pv ply 0   1,087,379,747 nodes     39,265/s   7.69 h cpu   21.7% of budget
      [08-20 21:52] pv ply 0   1,087,445,955 nodes     38,825/s   7.78 h cpu   21.7% of budget
      [08-20 21:57] pv ply 0   1,087,542,593 nodes     38,701/s   7.81 h cpu   21.8% of budget  (+0.06 h suspended)
      [08-20 21:55] pv ply 0   1,087,631,718 nodes     38,584/s   7.83 h cpu   21.8% of budget
      [08-20 21:57] pv ply 0   1,087,717,249 nodes     38,461/s   7.86 h cpu   21.8% of budget
      [08-20 21:58] pv ply 0   1,087,772,421 nodes     38,344/s   7.88 h cpu   21.8% of budget
      [08-20 22:07] pv ply 0   1,095,515,616 nodes     38,208/s   7.96 h cpu   21.9% of budget  (+0.06 h suspended)
      [08-20 22:12] pv ply 0   1,106,416,135 nodes     38,188/s   8.05 h cpu   22.1% of budget  (+0.06 h suspended)
      [08-20 22:14] pv ply 0   1,112,547,806 nodes     37,967/s   8.14 h cpu   22.3% of budget
      [08-20 22:16] pv ply 0   1,112,556,241 nodes     37,795/s   8.18 h cpu   22.3% of budget
      [08-20 22:22] pv ply 0   1,112,598,357 nodes     37,303/s   8.28 h cpu   22.3% of budget
      [08-20 22:24] pv ply 0   1,112,614,845 nodes     37,155/s   8.32 h cpu   22.3% of budget
      [08-20 22:26] pv ply 0   1,112,629,606 nodes     37,024/s   8.35 h cpu   22.3% of budget
      [08-20 22:28] pv ply 0   1,112,646,211 nodes     36,885/s   8.38 h cpu   22.3% of budget
      [08-20 22:30] pv ply 0   1,112,663,518 nodes     36,750/s   8.41 h cpu   22.3% of budget
      [08-20 22:32] pv ply 0   1,112,681,996 nodes     36,612/s   8.44 h cpu   22.3% of budget
      [08-20 22:34] pv ply 0   1,112,701,963 nodes     36,479/s   8.47 h cpu   22.3% of budget
      [08-20 22:36] pv ply 0   1,112,721,711 nodes     36,350/s   8.50 h cpu   22.3% of budget
      [08-20 22:37] pv ply 0   1,112,746,172 nodes     36,225/s   8.53 h cpu   22.3% of budget
      [08-20 22:40] pv ply 0   1,112,769,321 nodes     36,002/s   8.59 h cpu   22.3% of budget
      [08-20 22:42] pv ply 0   1,112,867,036 nodes     35,896/s   8.61 h cpu   22.3% of budget
      [08-20 22:43] pv ply 0   1,112,944,966 nodes     35,801/s   8.64 h cpu   22.3% of budget
      [08-20 22:45] pv ply 0   1,113,027,052 nodes     35,692/s   8.66 h cpu   22.3% of budget
      [08-20 22:47] pv ply 0   1,113,082,169 nodes     35,591/s   8.69 h cpu   22.3% of budget
      [08-20 22:52] pv ply 0   1,114,359,091 nodes     35,532/s   8.71 h cpu   22.3% of budget  (+0.06 h suspended)
      [08-20 22:57] pv ply 0   1,122,862,044 nodes     35,464/s   8.80 h cpu   22.5% of budget  (+0.06 h suspended)
      [08-20 22:58] pv ply 0   1,134,401,352 nodes     35,491/s   8.88 h cpu   22.7% of budget
      [08-20 23:00] pv ply 0   1,136,742,221 nodes     35,425/s   8.91 h cpu   22.7% of budget
      [08-20 23:05] pv ply 0   1,136,755,427 nodes     35,118/s   8.99 h cpu   22.7% of budget
      [08-20 23:10] pv ply 0   1,136,788,567 nodes     34,754/s   9.09 h cpu   22.7% of budget
      [08-20 23:13] pv ply 0   1,136,803,797 nodes     34,621/s   9.12 h cpu   22.7% of budget
      [08-20 23:15] pv ply 0   1,136,820,218 nodes     34,484/s   9.16 h cpu   22.7% of budget
      [08-20 23:17] pv ply 0   1,136,835,759 nodes     34,364/s   9.19 h cpu   22.7% of budget
      [08-20 23:19] pv ply 0   1,136,850,557 nodes     34,249/s   9.22 h cpu   22.7% of budget
      [08-20 23:20] pv ply 0   1,136,865,664 nodes     34,133/s   9.25 h cpu   22.7% of budget
      [08-20 23:22] pv ply 0   1,136,883,596 nodes     34,021/s   9.28 h cpu   22.7% of budget
      [08-20 23:24] pv ply 0   1,136,899,214 nodes     33,913/s   9.31 h cpu   22.7% of budget
      [08-20 23:26] pv ply 0   1,136,916,524 nodes     33,812/s   9.34 h cpu   22.7% of budget
      [08-20 23:28] pv ply 0   1,136,937,061 nodes     33,697/s   9.37 h cpu   22.7% of budget
      [08-20 23:29] pv ply 0   1,136,958,943 nodes     33,592/s   9.40 h cpu   22.7% of budget
      [08-21 09:00] pv ply 0   1,136,974,247 nodes     33,431/s   9.45 h cpu   22.7% of budget  (+9.46 h suspended)
      [08-21 08:58] pv ply 0   1,137,055,585 nodes     33,341/s   9.47 h cpu   22.7% of budget  (+9.40 h suspended)
      [08-21 08:59] pv ply 0   1,137,139,330 nodes     33,259/s   9.50 h cpu   22.7% of budget  (+9.40 h suspended)
      [08-21 09:01] pv ply 0   1,137,241,923 nodes     33,177/s   9.52 h cpu   22.7% of budget  (+9.40 h suspended)
      [08-21 09:02] pv ply 0   1,137,305,640 nodes     33,094/s   9.55 h cpu   22.7% of budget  (+9.40 h suspended)
      [08-21 09:07] pv ply 0   1,138,468,638 nodes     33,044/s   9.57 h cpu   22.8% of budget  (+9.46 h suspended)
      [08-21 09:12] pv ply 0   1,146,988,187 nodes     33,003/s   9.65 h cpu   22.9% of budget  (+9.46 h suspended)
      [08-21 09:17] pv ply 0   1,158,480,787 nodes     33,048/s   9.74 h cpu   23.2% of budget  (+9.46 h suspended)
      [08-21 09:23] pv ply 0   1,161,669,400 nodes     32,819/s   9.83 h cpu   23.2% of budget  (+9.46 h suspended)
      [08-21 09:22] pv ply 0   1,161,680,179 nodes     32,664/s   9.88 h cpu   23.2% of budget  (+9.40 h suspended)
      [08-21 09:24] pv ply 0   1,161,693,108 nodes     32,540/s   9.92 h cpu   23.2% of budget  (+9.40 h suspended)
      [08-21 09:27] pv ply 0   1,161,705,894 nodes     32,421/s   9.95 h cpu   23.2% of budget  (+9.40 h suspended)
      [08-21 09:32] pv ply 0   1,161,719,170 nodes     32,318/s   9.99 h cpu   23.2% of budget  (+9.46 h suspended)
      [08-21 09:31] pv ply 0   1,161,732,541 nodes     32,210/s  10.02 h cpu   23.2% of budget  (+9.40 h suspended)
      [08-21 09:33] pv ply 0   1,161,748,519 nodes     32,083/s  10.06 h cpu   23.2% of budget  (+9.40 h suspended)
      [08-21 09:35] pv ply 0   1,161,763,021 nodes     31,972/s  10.09 h cpu   23.2% of budget  (+9.40 h suspended)
      [08-21 09:37] pv ply 0   1,161,777,854 nodes     31,868/s  10.13 h cpu   23.2% of budget  (+9.40 h suspended)
      [08-21 09:39] pv ply 0   1,161,792,763 nodes     31,768/s  10.16 h cpu   23.2% of budget  (+9.40 h suspended)
      [08-21 09:41] pv ply 0   1,161,808,989 nodes     31,664/s  10.19 h cpu   23.2% of budget  (+9.40 h suspended)
      [08-21 09:43] pv ply 0   1,161,823,800 nodes     31,572/s  10.22 h cpu   23.2% of budget  (+9.40 h suspended)
      [08-21 09:45] pv ply 0   1,161,841,513 nodes     31,473/s  10.25 h cpu   23.2% of budget  (+9.40 h suspended)
      [08-21 09:47] pv ply 0   1,161,859,489 nodes     31,375/s  10.29 h cpu   23.2% of budget  (+9.40 h suspended)
      [08-21 09:48] pv ply 0   1,161,879,155 nodes     31,284/s  10.32 h cpu   23.2% of budget  (+9.40 h suspended)
      [08-21 09:51] pv ply 0   1,161,888,721 nodes     31,166/s  10.36 h cpu   23.2% of budget  (+9.40 h suspended)
      [08-21 09:56] pv ply 0   1,162,177,347 nodes     30,917/s  10.44 h cpu   23.2% of budget  (+9.40 h suspended)
      [08-21 10:01] pv ply 0   1,162,413,565 nodes     30,850/s  10.47 h cpu   23.2% of budget  (+9.46 h suspended)
      [08-21 10:02] pv ply 0   1,163,950,324 nodes     30,822/s  10.49 h cpu   23.3% of budget  (+9.46 h suspended)
      [08-21 10:07] pv ply 0   1,172,608,164 nodes     30,806/s  10.57 h cpu   23.5% of budget  (+9.46 h suspended)
      [08-21 10:13] pv ply 0   1,184,332,438 nodes     30,870/s  10.66 h cpu   23.7% of budget  (+9.46 h suspended)
      [08-21 10:15] pv ply 0   1,187,419,166 nodes     30,680/s  10.75 h cpu   23.7% of budget  (+9.40 h suspended)
      [08-21 10:20] pv ply 0   1,187,428,044 nodes     30,580/s  10.79 h cpu   23.7% of budget  (+9.46 h suspended)
      [08-21 10:19] pv ply 0   1,187,438,396 nodes     30,491/s  10.82 h cpu   23.7% of budget  (+9.40 h suspended)
      [08-21 10:24] pv ply 0   1,187,448,615 nodes     30,408/s  10.85 h cpu   23.7% of budget  (+9.46 h suspended)
      [08-21 10:22] pv ply 0   1,187,460,631 nodes     30,327/s  10.88 h cpu   23.7% of budget  (+9.40 h suspended)
      [08-21 10:24] pv ply 0   1,187,472,426 nodes     30,243/s  10.91 h cpu   23.7% of budget  (+9.40 h suspended)
      [08-21 10:26] pv ply 0   1,187,483,679 nodes     30,166/s  10.93 h cpu   23.7% of budget  (+9.40 h suspended)
      [08-21 10:27] pv ply 0   1,187,495,083 nodes     30,091/s  10.96 h cpu   23.7% of budget  (+9.40 h suspended)
      [08-21 10:29] pv ply 0   1,187,506,651 nodes     30,015/s  10.99 h cpu   23.8% of budget  (+9.40 h suspended)
      [08-21 10:34] pv ply 0   1,187,520,333 nodes     29,934/s  11.02 h cpu   23.8% of budget  (+9.46 h suspended)
      [08-21 10:32] pv ply 0   1,187,530,972 nodes     29,854/s  11.05 h cpu   23.8% of budget  (+9.40 h suspended)
      [08-21 10:35] pv ply 0   1,187,545,005 nodes     29,760/s  11.08 h cpu   23.8% of budget  (+9.40 h suspended)
      [08-21 10:36] pv ply 0   1,187,559,173 nodes     29,678/s  11.12 h cpu   23.8% of budget  (+9.40 h suspended)
      [08-21 10:38] pv ply 0   1,187,572,270 nodes     29,599/s  11.14 h cpu   23.8% of budget  (+9.40 h suspended)
      [08-21 10:40] pv ply 0   1,187,587,513 nodes     29,522/s  11.17 h cpu   23.8% of budget  (+9.40 h suspended)
      [08-21 10:42] pv ply 0   1,187,602,069 nodes     29,452/s  11.20 h cpu   23.8% of budget  (+9.40 h suspended)
      [08-21 10:43] pv ply 0   1,187,616,871 nodes     29,382/s  11.23 h cpu   23.8% of budget  (+9.40 h suspended)
      [08-21 10:45] pv ply 0   1,187,635,460 nodes     29,310/s  11.26 h cpu   23.8% of budget  (+9.40 h suspended)
      [08-21 10:47] pv ply 0   1,187,644,042 nodes     29,209/s  11.29 h cpu   23.8% of budget  (+9.40 h suspended)
      [08-21 10:49] pv ply 0   1,187,730,716 nodes     29,144/s  11.32 h cpu   23.8% of budget  (+9.40 h suspended)
      [08-21 10:50] pv ply 0   1,187,798,199 nodes     29,084/s  11.34 h cpu   23.8% of budget  (+9.40 h suspended)
      [08-21 10:52] pv ply 0   1,187,905,625 nodes     29,022/s  11.37 h cpu   23.8% of budget  (+9.40 h suspended)
      [08-21 10:57] pv ply 0   1,187,960,901 nodes     28,964/s  11.39 h cpu   23.8% of budget  (+9.46 h suspended)
      [08-21 11:02] pv ply 0   1,195,316,631 nodes     28,929/s  11.48 h cpu   23.9% of budget  (+9.46 h suspended)
      [08-21 11:07] pv ply 0   1,202,862,689 nodes     28,901/s  11.56 h cpu   24.1% of budget  (+9.46 h suspended)
      [08-21 11:12] pv ply 0   1,211,880,195 nodes     28,909/s  11.64 h cpu   24.2% of budget  (+9.46 h suspended)
      [08-21 11:14] pv ply 0   1,213,193,958 nodes     28,707/s  11.74 h cpu   24.3% of budget  (+9.40 h suspended)
      [08-21 11:17] pv ply 0   1,213,202,068 nodes     28,576/s  11.79 h cpu   24.3% of budget  (+9.40 h suspended)
      [08-21 11:19] pv ply 0   1,213,208,776 nodes     28,486/s  11.83 h cpu   24.3% of budget  (+9.40 h suspended)
      [08-21 11:22] pv ply 0   1,213,218,160 nodes     28,377/s  11.88 h cpu   24.3% of budget  (+9.40 h suspended)
      [08-21 11:28] pv ply 0   1,213,227,674 nodes     28,272/s  11.92 h cpu   24.3% of budget  (+9.46 h suspended)
      [08-21 11:27] pv ply 0   1,213,236,946 nodes     28,182/s  11.96 h cpu   24.3% of budget  (+9.40 h suspended)
      [08-21 11:29] pv ply 0   1,213,246,236 nodes     28,092/s  12.00 h cpu   24.3% of budget  (+9.40 h suspended)
      [08-21 11:32] pv ply 0   1,213,255,895 nodes     27,999/s  12.04 h cpu   24.3% of budget  (+9.40 h suspended)
      [08-21 11:34] pv ply 0   1,213,265,343 nodes     27,912/s  12.07 h cpu   24.3% of budget  (+9.40 h suspended)
      [08-21 11:36] pv ply 0   1,213,274,946 nodes     27,824/s  12.11 h cpu   24.3% of budget  (+9.40 h suspended)
      [08-21 11:38] pv ply 0   1,213,282,724 nodes     27,749/s  12.15 h cpu   24.3% of budget  (+9.40 h suspended)
      [08-21 11:41] pv ply 0   1,213,293,315 nodes     27,650/s  12.19 h cpu   24.3% of budget  (+9.40 h suspended)
      [08-21 11:43] pv ply 0   1,213,304,046 nodes     27,561/s  12.23 h cpu   24.3% of budget  (+9.40 h suspended)
      [08-21 11:45] pv ply 0   1,213,313,413 nodes     27,480/s  12.26 h cpu   24.3% of budget  (+9.40 h suspended)
      [08-21 11:48] pv ply 0   1,213,322,762 nodes     27,399/s  12.30 h cpu   24.3% of budget  (+9.40 h suspended)
      [08-21 11:50] pv ply 0   1,213,333,986 nodes     27,309/s  12.34 h cpu   24.3% of budget  (+9.40 h suspended)
      [08-21 11:52] pv ply 0   1,213,345,168 nodes     27,221/s  12.38 h cpu   24.3% of budget  (+9.40 h suspended)
      [08-21 11:55] pv ply 0   1,213,356,470 nodes     27,139/s  12.42 h cpu   24.3% of budget  (+9.40 h suspended)
      [08-21 11:56] pv ply 0   1,213,365,772 nodes     27,077/s  12.45 h cpu   24.3% of budget  (+9.40 h suspended)
      [08-21 11:58] pv ply 0   1,213,377,171 nodes     27,001/s  12.48 h cpu   24.3% of budget  (+9.40 h suspended)
      [08-21 12:00] pv ply 0   1,213,388,644 nodes     26,927/s  12.52 h cpu   24.3% of budget  (+9.40 h suspended)
      [08-21 12:03] pv ply 0   1,213,401,058 nodes     26,854/s  12.55 h cpu   24.3% of budget  (+9.40 h suspended)
      [08-21 12:06] pv ply 0   1,213,410,740 nodes     26,721/s  12.61 h cpu   24.3% of budget  (+9.40 h suspended)
      [08-21 12:12] pv ply 0   1,213,636,031 nodes     26,543/s  12.70 h cpu   24.3% of budget  (+9.40 h suspended)
      [08-21 12:17] pv ply 0   1,213,699,197 nodes     26,496/s  12.72 h cpu   24.3% of budget  (+9.46 h suspended)
      [08-21 12:14] pv ply 0   1,213,754,373 nodes     26,441/s  12.75 h cpu   24.3% of budget  (+9.40 h suspended)
      [08-21 12:20] pv ply 0   1,215,145,740 nodes     26,416/s  12.78 h cpu   24.3% of budget  (+9.46 h suspended)
      [08-21 12:25] pv ply 0   1,221,281,493 nodes     26,374/s  12.86 h cpu   24.4% of budget  (+9.46 h suspended)
      [08-21 12:30] pv ply 0   1,232,265,310 nodes     26,440/s  12.95 h cpu   24.6% of budget  (+9.46 h suspended)
      [08-21 12:35] pv ply 0   1,238,059,818 nodes     26,384/s  13.03 h cpu   24.8% of budget  (+9.46 h suspended)
      [08-21 12:37] pv ply 0   1,238,083,235 nodes     26,180/s  13.14 h cpu   24.8% of budget  (+9.39 h suspended)
      [08-21 12:39] pv ply 0   1,238,093,408 nodes     26,112/s  13.17 h cpu   24.8% of budget  (+9.39 h suspended)
      [08-21 12:42] pv ply 0   1,238,105,377 nodes     26,036/s  13.21 h cpu   24.8% of budget  (+9.39 h suspended)
      [08-21 12:44] pv ply 0   1,238,117,575 nodes     25,965/s  13.25 h cpu   24.8% of budget  (+9.39 h suspended)
      [08-21 12:50] pv ply 0   1,238,128,335 nodes     25,898/s  13.28 h cpu   24.8% of budget  (+9.46 h suspended)
      [08-21 12:48] pv ply 0   1,238,140,562 nodes     25,831/s  13.31 h cpu   24.8% of budget  (+9.39 h suspended)
      [08-21 12:50] pv ply 0   1,238,151,240 nodes     25,766/s  13.35 h cpu   24.8% of budget  (+9.39 h suspended)
      [08-21 12:52] pv ply 0   1,238,163,771 nodes     25,699/s  13.38 h cpu   24.8% of budget  (+9.39 h suspended)
      [08-21 12:54] pv ply 0   1,238,174,445 nodes     25,637/s  13.42 h cpu   24.8% of budget  (+9.39 h suspended)
      [08-21 12:56] pv ply 0   1,238,186,587 nodes     25,574/s  13.45 h cpu   24.8% of budget  (+9.39 h suspended)
      [08-21 12:58] pv ply 0   1,238,195,549 nodes     25,521/s  13.48 h cpu   24.8% of budget  (+9.39 h suspended)
      [08-21 13:00] pv ply 0   1,238,209,174 nodes     25,453/s  13.51 h cpu   24.8% of budget  (+9.39 h suspended)
      [08-21 13:06] pv ply 0   1,238,247,550 nodes     25,277/s  13.61 h cpu   24.8% of budget  (+9.39 h suspended)
      [08-21 13:08] pv ply 0   1,238,263,011 nodes     25,217/s  13.64 h cpu   24.8% of budget  (+9.39 h suspended)
      [08-21 13:10] pv ply 0   1,238,272,422 nodes     25,132/s  13.69 h cpu   24.8% of budget  (+9.39 h suspended)
      [08-21 13:12] pv ply 0   1,238,350,301 nodes     25,087/s  13.71 h cpu   24.8% of budget  (+9.39 h suspended)
      [08-21 13:17] pv ply 0   1,238,434,250 nodes     25,043/s  13.74 h cpu   24.8% of budget  (+9.45 h suspended)
      [08-21 13:18] pv ply 0   1,238,522,074 nodes     25,002/s  13.76 h cpu   24.8% of budget  (+9.45 h suspended)
      [08-21 13:16] pv ply 0   1,238,593,255 nodes     24,957/s  13.79 h cpu   24.8% of budget  (+9.39 h suspended)
      [08-21 13:21] pv ply 0   1,240,026,672 nodes     24,942/s  13.81 h cpu   24.8% of budget  (+9.45 h suspended)
      [08-21 13:26] pv ply 0   1,250,039,395 nodes     24,992/s  13.89 h cpu   25.0% of budget  (+9.45 h suspended)
      [08-21 13:31] pv ply 0   1,260,758,310 nodes     25,056/s  13.98 h cpu   25.2% of budget  (+9.45 h suspended)
      [08-21 13:34] pv ply 0   1,263,200,172 nodes     24,930/s  14.08 h cpu   25.3% of budget  (+9.39 h suspended)
      [08-21 13:37] pv ply 0   1,263,211,600 nodes     24,837/s  14.13 h cpu   25.3% of budget  (+9.39 h suspended)
      [08-21 13:39] pv ply 0   1,263,221,383 nodes     24,774/s  14.16 h cpu   25.3% of budget  (+9.39 h suspended)
      [08-21 13:41] pv ply 0   1,263,233,011 nodes     24,709/s  14.20 h cpu   25.3% of budget  (+9.39 h suspended)
      [08-21 13:43] pv ply 0   1,263,244,254 nodes     24,648/s  14.24 h cpu   25.3% of budget  (+9.39 h suspended)
      [08-21 13:49] pv ply 0   1,263,275,769 nodes     24,482/s  14.33 h cpu   25.3% of budget  (+9.39 h suspended)
      [08-21 13:51] pv ply 0   1,263,287,318 nodes     24,420/s  14.37 h cpu   25.3% of budget  (+9.39 h suspended)
      [08-21 13:53] pv ply 0   1,263,298,802 nodes     24,360/s  14.41 h cpu   25.3% of budget  (+9.39 h suspended)
      [08-21 13:59] pv ply 0   1,263,310,224 nodes     24,301/s  14.44 h cpu   25.3% of budget  (+9.45 h suspended)
      [08-21 13:58] pv ply 0   1,263,321,820 nodes     24,242/s  14.48 h cpu   25.3% of budget  (+9.39 h suspended)
      [08-21 14:00] pv ply 0   1,263,335,229 nodes     24,180/s  14.51 h cpu   25.3% of budget  (+9.39 h suspended)
      [08-21 14:02] pv ply 0   1,263,346,924 nodes     24,121/s  14.55 h cpu   25.3% of budget  (+9.39 h suspended)
      [08-21 14:04] pv ply 0   1,263,360,408 nodes     24,065/s  14.58 h cpu   25.3% of budget  (+9.39 h suspended)
      [08-21 14:06] pv ply 0   1,263,373,696 nodes     24,006/s  14.62 h cpu   25.3% of budget  (+9.39 h suspended)
      [08-21 14:08] pv ply 0   1,263,389,019 nodes     23,949/s  14.65 h cpu   25.3% of budget  (+9.39 h suspended)
      [08-21 14:10] pv ply 0   1,263,402,722 nodes     23,895/s  14.69 h cpu   25.3% of budget  (+9.39 h suspended)
      [08-21 14:12] pv ply 0   1,263,416,240 nodes     23,844/s  14.72 h cpu   25.3% of budget  (+9.39 h suspended)
      [08-21 14:14] pv ply 0   1,263,419,563 nodes     23,799/s  14.75 h cpu   25.3% of budget  (+9.39 h suspended)
      [08-21 14:16] pv ply 0   1,263,488,024 nodes     23,756/s  14.77 h cpu   25.3% of budget  (+9.39 h suspended)
      [08-21 14:21] pv ply 0   1,263,577,148 nodes     23,719/s  14.80 h cpu   25.3% of budget  (+9.45 h suspended)
      [08-21 14:18] pv ply 0   1,263,663,952 nodes     23,681/s  14.82 h cpu   25.3% of budget  (+9.39 h suspended)
      [08-21 14:20] pv ply 0   1,263,727,421 nodes     23,643/s  14.85 h cpu   25.3% of budget  (+9.39 h suspended)
      [08-21 14:25] pv ply 0   1,264,354,776 nodes     23,614/s  14.87 h cpu   25.3% of budget  (+9.45 h suspended)
      [08-21 14:27] pv ply 0   1,266,393,757 nodes     23,614/s  14.90 h cpu   25.3% of budget  (+9.45 h suspended)
      [08-21 14:32] pv ply 0   1,275,746,423 nodes     23,656/s  14.98 h cpu   25.5% of budget  (+9.45 h suspended)
      [08-21 14:33] pv ply 0   1,278,730,432 nodes     23,674/s  15.00 h cpu   25.6% of budget  (+9.45 h suspended)
      [08-21 14:35] pv ply 0   1,288,785,265 nodes     23,712/s  15.10 h cpu   25.8% of budget  (+9.39 h suspended)
      [08-21 14:39] pv ply 0   1,288,795,006 nodes     23,608/s  15.16 h cpu   25.8% of budget  (+9.39 h suspended)
      [08-21 14:42] pv ply 0   1,288,804,141 nodes     23,537/s  15.21 h cpu   25.8% of budget  (+9.39 h suspended)
      [08-21 14:44] pv ply 0   1,288,813,087 nodes     23,484/s  15.24 h cpu   25.8% of budget  (+9.39 h suspended)
      [08-21 14:46] pv ply 0   1,288,823,445 nodes     23,424/s  15.28 h cpu   25.8% of budget  (+9.39 h suspended)
      [08-21 14:48] pv ply 0   1,288,834,710 nodes     23,366/s  15.32 h cpu   25.8% of budget  (+9.39 h suspended)
      [08-21 14:51] pv ply 0   1,288,845,627 nodes     23,311/s  15.36 h cpu   25.8% of budget  (+9.39 h suspended)
      [08-21 14:57] pv ply 0   1,288,856,375 nodes     23,251/s  15.40 h cpu   25.8% of budget  (+9.45 h suspended)
      [08-21 14:55] pv ply 0   1,288,867,124 nodes     23,199/s  15.43 h cpu   25.8% of budget  (+9.39 h suspended)
      [08-21 15:05] pv ply 0   1,288,895,571 nodes     23,052/s  15.53 h cpu   25.8% of budget  (+9.45 h suspended)
      [08-21 15:03] pv ply 0   1,288,905,211 nodes     23,008/s  15.56 h cpu   25.8% of budget  (+9.39 h suspended)
      [08-21 15:05] pv ply 0   1,288,915,827 nodes     22,951/s  15.60 h cpu   25.8% of budget  (+9.39 h suspended)
      [08-21 15:07] pv ply 0   1,288,928,399 nodes     22,895/s  15.64 h cpu   25.8% of budget  (+9.39 h suspended)
      [08-21 15:10] pv ply 0   1,288,939,171 nodes     22,843/s  15.67 h cpu   25.8% of budget  (+9.39 h suspended)
      [08-21 15:12] pv ply 0   1,288,952,559 nodes     22,792/s  15.71 h cpu   25.8% of budget  (+9.39 h suspended)
      [08-21 15:17] pv ply 0   1,288,962,901 nodes     22,744/s  15.74 h cpu   25.8% of budget  (+9.45 h suspended)
      [08-21 15:16] pv ply 0   1,288,976,998 nodes     22,692/s  15.78 h cpu   25.8% of budget  (+9.39 h suspended)
      [08-21 15:18] pv ply 0   1,288,989,969 nodes     22,643/s  15.81 h cpu   25.8% of budget  (+9.39 h suspended)
      [08-21 15:20] pv ply 0   1,289,002,817 nodes     22,596/s  15.85 h cpu   25.8% of budget  (+9.39 h suspended)
      [08-21 15:22] pv ply 0   1,289,005,969 nodes     22,547/s  15.88 h cpu   25.8% of budget  (+9.39 h suspended)
      [08-21 15:23] pv ply 0   1,289,074,475 nodes     22,512/s  15.91 h cpu   25.8% of budget  (+9.39 h suspended)
      [08-21 15:29] pv ply 0   1,289,164,418 nodes     22,479/s  15.93 h cpu   25.8% of budget  (+9.45 h suspended)
      [08-21 15:27] pv ply 0   1,289,249,125 nodes     22,443/s  15.96 h cpu   25.8% of budget  (+9.39 h suspended)
      [08-21 15:28] pv ply 0   1,289,318,092 nodes     22,408/s  15.98 h cpu   25.8% of budget  (+9.39 h suspended)
      [08-21 15:33] pv ply 0   1,290,506,508 nodes     22,395/s  16.01 h cpu   25.8% of budget  (+9.45 h suspended)
      [08-21 15:35] pv ply 0   1,292,748,303 nodes     22,401/s  16.03 h cpu   25.9% of budget  (+9.45 h suspended)
      [08-21 15:40] pv ply 0   1,302,031,897 nodes     22,445/s  16.11 h cpu   26.0% of budget  (+9.45 h suspended)
      [08-21 15:45] pv ply 0   1,313,480,209 nodes     22,525/s  16.20 h cpu   26.3% of budget  (+9.45 h suspended)
      [08-21 15:47] pv ply 0   1,313,655,372 nodes     22,389/s  16.30 h cpu   26.3% of budget  (+9.39 h suspended)
      [08-21 15:50] pv ply 0   1,313,665,595 nodes     22,324/s  16.35 h cpu   26.3% of budget  (+9.39 h suspended)
      [08-21 15:52] pv ply 0   1,313,675,594 nodes     22,273/s  16.38 h cpu   26.3% of budget  (+9.39 h suspended)
      [08-21 15:54] pv ply 0   1,313,685,359 nodes     22,223/s  16.42 h cpu   26.3% of budget  (+9.39 h suspended)
      [08-21 15:57] pv ply 0   1,313,696,946 nodes     22,170/s  16.46 h cpu   26.3% of budget  (+9.39 h suspended)
      [08-21 15:59] pv ply 0   1,313,706,910 nodes     22,120/s  16.50 h cpu   26.3% of budget  (+9.39 h suspended)
      [08-21 16:01] pv ply 0   1,313,717,943 nodes     22,068/s  16.54 h cpu   26.3% of budget  (+9.39 h suspended)
      [08-21 16:07] pv ply 0   1,313,744,199 nodes     21,939/s  16.63 h cpu   26.3% of budget  (+9.39 h suspended)
      [08-21 16:09] pv ply 0   1,313,754,196 nodes     21,891/s  16.67 h cpu   26.3% of budget  (+9.39 h suspended)
      [08-21 16:12] pv ply 0   1,313,766,011 nodes     21,842/s  16.71 h cpu   26.3% of budget  (+9.39 h suspended)
      [08-21 16:14] pv ply 0   1,313,775,800 nodes     21,796/s  16.74 h cpu   26.3% of budget  (+9.39 h suspended)
      [08-21 16:16] pv ply 0   1,313,787,077 nodes     21,748/s  16.78 h cpu   26.3% of budget  (+9.39 h suspended)
      [08-21 16:19] pv ply 0   1,313,799,966 nodes     21,691/s  16.82 h cpu   26.3% of budget  (+9.39 h suspended)
      [08-21 16:21] pv ply 0   1,313,811,226 nodes     21,643/s  16.86 h cpu   26.3% of budget  (+9.39 h suspended)
      [08-21 16:23] pv ply 0   1,313,822,580 nodes     21,598/s  16.90 h cpu   26.3% of budget  (+9.39 h suspended)
      [08-21 16:25] pv ply 0   1,313,834,237 nodes     21,554/s  16.93 h cpu   26.3% of budget  (+9.39 h suspended)
      [08-21 16:27] pv ply 0   1,313,845,724 nodes     21,513/s  16.96 h cpu   26.3% of budget  (+9.39 h suspended)
      [08-21 16:29] pv ply 0   1,313,853,845 nodes     21,475/s  16.99 h cpu   26.3% of budget  (+9.39 h suspended)
      [08-21 16:31] pv ply 0   1,313,866,807 nodes     21,434/s  17.03 h cpu   26.3% of budget  (+9.39 h suspended)
      [08-21 16:33] pv ply 0   1,313,873,508 nodes     21,383/s  17.07 h cpu   26.3% of budget  (+9.39 h suspended)
      [08-21 16:35] pv ply 0   1,313,929,293 nodes     21,350/s  17.10 h cpu   26.3% of budget  (+9.39 h suspended)
      [08-21 16:36] pv ply 0   1,314,012,739 nodes     21,321/s  17.12 h cpu   26.3% of budget  (+9.39 h suspended)
      [08-21 16:41] pv ply 0   1,314,107,872 nodes     21,292/s  17.14 h cpu   26.3% of budget  (+9.45 h suspended)
      [08-21 16:39] pv ply 0   1,314,180,145 nodes     21,264/s  17.17 h cpu   26.3% of budget  (+9.39 h suspended)
      [08-21 16:44] pv ply 0   1,314,704,239 nodes     21,243/s  17.19 h cpu   26.3% of budget  (+9.45 h suspended)
      [08-21 16:49] pv ply 0   1,322,867,757 nodes     21,272/s  17.27 h cpu   26.5% of budget  (+9.45 h suspended)
      [08-21 16:54] pv ply 0   1,333,698,617 nodes     21,343/s  17.36 h cpu   26.7% of budget  (+9.45 h suspended)
      [08-21 16:56] pv ply 0   1,339,260,531 nodes     21,324/s  17.45 h cpu   26.8% of budget  (+9.39 h suspended)
      [08-21 16:59] pv ply 0   1,339,269,095 nodes     21,261/s  17.50 h cpu   26.8% of budget  (+9.39 h suspended)
      [08-21 17:01] pv ply 0   1,339,276,024 nodes     21,218/s  17.53 h cpu   26.8% of budget  (+9.39 h suspended)
      [08-21 17:05] pv ply 0   1,339,290,107 nodes     21,147/s  17.59 h cpu   26.8% of budget  (+9.39 h suspended)
      [08-21 17:06] pv ply 0   1,339,298,483 nodes     21,110/s  17.62 h cpu   26.8% of budget  (+9.39 h suspended)
      [08-21 17:08] pv ply 0   1,339,306,632 nodes     21,072/s  17.65 h cpu   26.8% of budget  (+9.39 h suspended)
      [08-21 17:14] pv ply 0   1,339,315,113 nodes     21,038/s  17.68 h cpu   26.8% of budget  (+9.45 h suspended)
      [08-21 17:12] pv ply 0   1,339,323,744 nodes     20,999/s  17.72 h cpu   26.8% of budget  (+9.39 h suspended)
      [08-21 17:14] pv ply 0   1,339,332,023 nodes     20,965/s  17.75 h cpu   26.8% of budget  (+9.39 h suspended)
      [08-21 17:16] pv ply 0   1,339,340,550 nodes     20,928/s  17.78 h cpu   26.8% of budget  (+9.39 h suspended)
      [08-21 17:18] pv ply 0   1,339,350,800 nodes     20,888/s  17.81 h cpu   26.8% of budget  (+9.39 h suspended)
      [08-21 17:20] pv ply 0   1,339,359,461 nodes     20,850/s  17.84 h cpu   26.8% of budget  (+9.39 h suspended)
      [08-21 17:22] pv ply 0   1,339,368,757 nodes     20,809/s  17.88 h cpu   26.8% of budget  (+9.39 h suspended)
      [08-21 17:24] pv ply 0   1,339,377,213 nodes     20,773/s  17.91 h cpu   26.8% of budget  (+9.39 h suspended)
      [08-21 17:26] pv ply 0   1,339,386,730 nodes     20,734/s  17.94 h cpu   26.8% of budget  (+9.39 h suspended)
      [08-21 17:27] pv ply 0   1,339,394,646 nodes     20,700/s  17.97 h cpu   26.8% of budget  (+9.39 h suspended)
      [08-21 17:33] pv ply 0   1,339,404,622 nodes     20,661/s  18.01 h cpu   26.8% of budget  (+9.45 h suspended)
      [08-21 17:32] pv ply 0   1,339,414,767 nodes     20,622/s  18.04 h cpu   26.8% of budget  (+9.39 h suspended)
      [08-21 17:34] pv ply 0   1,339,424,818 nodes     20,584/s  18.08 h cpu   26.8% of budget  (+9.39 h suspended)
      [08-21 17:36] pv ply 0   1,339,434,861 nodes     20,547/s  18.11 h cpu   26.8% of budget  (+9.39 h suspended)
      [08-21 17:37] pv ply 0   1,339,445,334 nodes     20,511/s  18.14 h cpu   26.8% of budget  (+9.39 h suspended)
      [08-21 17:39] pv ply 0   1,339,455,969 nodes     20,478/s  18.17 h cpu   26.8% of budget  (+9.39 h suspended)
      [08-21 17:41] pv ply 0   1,339,464,674 nodes     20,444/s  18.20 h cpu   26.8% of budget  (+9.39 h suspended)
      [08-21 17:43] pv ply 0   1,339,476,588 nodes     20,403/s  18.24 h cpu   26.8% of budget  (+9.39 h suspended)
      [08-21 17:45] pv ply 0   1,339,487,852 nodes     20,369/s  18.27 h cpu   26.8% of budget  (+9.39 h suspended)
      [08-21 17:48] pv ply 0   1,339,494,211 nodes     20,319/s  18.31 h cpu   26.8% of budget  (+9.39 h suspended)
      [08-21 17:49] pv ply 0   1,339,555,886 nodes     20,291/s  18.34 h cpu   26.8% of budget  (+9.39 h suspended)
      [08-21 17:54] pv ply 0   1,339,640,211 nodes     20,267/s  18.36 h cpu   26.8% of budget  (+9.45 h suspended)
      [08-21 17:52] pv ply 0   1,339,733,809 nodes     20,242/s  18.39 h cpu   26.8% of budget  (+9.39 h suspended)
      [08-21 17:54] pv ply 0   1,339,804,616 nodes     20,217/s  18.41 h cpu   26.8% of budget  (+9.39 h suspended)
      [08-21 17:59] pv ply 0   1,340,443,206 nodes     20,199/s  18.43 h cpu   26.8% of budget  (+9.45 h suspended)
      [08-21 18:04] pv ply 0   1,348,297,701 nodes     20,226/s  18.52 h cpu   27.0% of budget  (+9.45 h suspended)
      [08-21 18:09] pv ply 0   1,357,925,385 nodes     20,279/s  18.60 h cpu   27.2% of budget  (+9.45 h suspended)
      [08-21 18:11] pv ply 0   1,364,344,125 nodes     20,266/s  18.70 h cpu   27.3% of budget  (+9.39 h suspended)
      [08-21 18:14] pv ply 0   1,364,350,751 nodes     20,213/s  18.75 h cpu   27.3% of budget  (+9.39 h suspended)
      [08-21 18:17] pv ply 0   1,364,363,148 nodes     20,153/s  18.81 h cpu   27.3% of budget  (+9.39 h suspended)
      [08-21 18:19] pv ply 0   1,364,370,222 nodes     20,119/s  18.84 h cpu   27.3% of budget  (+9.39 h suspended)
      [08-21 18:21] pv ply 0   1,364,378,932 nodes     20,086/s  18.87 h cpu   27.3% of budget  (+9.39 h suspended)
      [08-21 18:23] pv ply 0   1,364,387,551 nodes     20,051/s  18.90 h cpu   27.3% of budget  (+9.39 h suspended)
      [08-21 18:25] pv ply 0   1,364,396,438 nodes     20,019/s  18.93 h cpu   27.3% of budget  (+9.39 h suspended)
      [08-21 18:27] pv ply 0   1,364,405,256 nodes     19,986/s  18.96 h cpu   27.3% of budget  (+9.39 h suspended)
      [08-21 18:29] pv ply 0   1,364,416,010 nodes     19,947/s  19.00 h cpu   27.3% of budget  (+9.39 h suspended)
      [08-21 18:31] pv ply 0   1,364,424,649 nodes     19,914/s  19.03 h cpu   27.3% of budget  (+9.39 h suspended)
      [08-21 18:33] pv ply 0   1,364,433,728 nodes     19,881/s  19.06 h cpu   27.3% of budget  (+9.39 h suspended)
      [08-21 18:35] pv ply 0   1,364,442,724 nodes     19,849/s  19.09 h cpu   27.3% of budget  (+9.39 h suspended)
      [08-21 18:36] pv ply 0   1,364,449,966 nodes     19,820/s  19.12 h cpu   27.3% of budget  (+9.39 h suspended)
      [08-21 18:38] pv ply 0   1,364,459,021 nodes     19,790/s  19.15 h cpu   27.3% of budget  (+9.39 h suspended)
      [08-21 18:40] pv ply 0   1,364,468,130 nodes     19,755/s  19.19 h cpu   27.3% of budget  (+9.39 h suspended)
      [08-21 18:42] pv ply 0   1,364,476,890 nodes     19,725/s  19.22 h cpu   27.3% of budget  (+9.39 h suspended)
      [08-21 18:44] pv ply 0   1,364,485,782 nodes     19,693/s  19.25 h cpu   27.3% of budget  (+9.39 h suspended)
      [08-21 18:49] pv ply 0   1,364,513,973 nodes     19,597/s  19.34 h cpu   27.3% of budget  (+9.39 h suspended)
      [08-21 18:51] pv ply 0   1,364,524,609 nodes     19,565/s  19.37 h cpu   27.3% of budget  (+9.39 h suspended)
      [08-21 18:53] pv ply 0   1,364,535,321 nodes     19,531/s  19.41 h cpu   27.3% of budget  (+9.39 h suspended)
      [08-21 18:55] pv ply 0   1,364,545,860 nodes     19,501/s  19.44 h cpu   27.3% of budget  (+9.39 h suspended)
      [08-21 19:01] pv ply 0   1,364,577,062 nodes     19,410/s  19.53 h cpu   27.3% of budget  (+9.39 h suspended)
      [08-21 19:03] pv ply 0   1,364,587,410 nodes     19,378/s  19.56 h cpu   27.3% of budget  (+9.39 h suspended)
      [08-21 19:05] pv ply 0   1,364,599,992 nodes     19,336/s  19.60 h cpu   27.3% of budget  (+9.39 h suspended)
      [08-21 19:07] pv ply 0   1,364,688,608 nodes     19,314/s  19.63 h cpu   27.3% of budget  (+9.39 h suspended)
      [08-21 19:08] pv ply 0   1,364,775,526 nodes     19,292/s  19.65 h cpu   27.3% of budget  (+9.39 h suspended)
      [08-21 19:10] pv ply 0   1,364,875,820 nodes     19,269/s  19.68 h cpu   27.3% of budget  (+9.39 h suspended)
      [08-21 19:11] pv ply 0   1,364,948,675 nodes     19,246/s  19.70 h cpu   27.3% of budget  (+9.39 h suspended)
      [08-21 19:16] pv ply 0   1,366,023,070 nodes     19,237/s  19.72 h cpu   27.3% of budget  (+9.45 h suspended)
      [08-21 19:18] pv ply 0   1,367,678,318 nodes     19,238/s  19.75 h cpu   27.4% of budget  (+9.45 h suspended)
      [08-21 19:19] pv ply 0   1,369,474,253 nodes     19,240/s  19.77 h cpu   27.4% of budget  (+9.45 h suspended)
      [08-21 19:20] pv ply 0   1,371,671,872 nodes     19,248/s  19.80 h cpu   27.4% of budget  (+9.45 h suspended)
      [08-21 19:25] pv ply 0   1,379,627,227 nodes     19,278/s  19.88 h cpu   27.6% of budget  (+9.45 h suspended)
      [08-21 19:30] pv ply 0   1,388,863,311 nodes     19,326/s  19.96 h cpu   27.8% of budget  (+9.45 h suspended)
      [08-21 19:33] pv ply 0   1,390,070,382 nodes     19,242/s  20.07 h cpu   27.8% of budget  (+9.39 h suspended)
      [08-21 19:38] pv ply 0   1,390,082,072 nodes     19,168/s  20.15 h cpu   27.8% of budget  (+9.39 h suspended)
      [08-21 19:40] pv ply 0   1,390,090,657 nodes     19,127/s  20.19 h cpu   27.8% of budget  (+9.39 h suspended)
      [08-21 19:42] pv ply 0   1,390,097,087 nodes     19,096/s  20.22 h cpu   27.8% of budget  (+9.39 h suspended)
      [08-21 19:45] pv ply 0   1,390,105,608 nodes     19,057/s  20.26 h cpu   27.8% of budget  (+9.39 h suspended)
      [08-21 19:47] pv ply 0   1,390,114,110 nodes     19,023/s  20.30 h cpu   27.8% of budget  (+9.39 h suspended)
      [08-21 19:49] pv ply 0   1,390,122,730 nodes     18,992/s  20.33 h cpu   27.8% of budget  (+9.39 h suspended)
      [08-21 19:51] pv ply 0   1,390,131,795 nodes     18,961/s  20.37 h cpu   27.8% of budget  (+9.39 h suspended)
      [08-21 19:53] pv ply 0   1,390,140,530 nodes     18,930/s  20.40 h cpu   27.8% of budget  (+9.39 h suspended)
      [08-21 19:55] pv ply 0   1,390,148,711 nodes     18,897/s  20.43 h cpu   27.8% of budget  (+9.39 h suspended)
      [08-21 19:57] pv ply 0   1,390,157,188 nodes     18,866/s  20.47 h cpu   27.8% of budget  (+9.39 h suspended)
      [08-21 19:59] pv ply 0   1,390,163,820 nodes     18,838/s  20.50 h cpu   27.8% of budget  (+9.39 h suspended)
      [08-21 20:01] pv ply 0   1,390,172,221 nodes     18,809/s  20.53 h cpu   27.8% of budget  (+9.39 h suspended)
      [08-21 20:07] pv ply 0   1,390,180,762 nodes     18,778/s  20.56 h cpu   27.8% of budget  (+9.45 h suspended)
      [08-21 20:05] pv ply 0   1,390,189,345 nodes     18,748/s  20.60 h cpu   27.8% of budget  (+9.39 h suspended)
      [08-21 20:07] pv ply 0   1,390,197,615 nodes     18,718/s  20.63 h cpu   27.8% of budget  (+9.39 h suspended)
      [08-21 20:09] pv ply 0   1,390,206,135 nodes     18,688/s  20.66 h cpu   27.8% of budget  (+9.39 h suspended)
      [08-21 20:11] pv ply 0   1,390,214,364 nodes     18,661/s  20.69 h cpu   27.8% of budget  (+9.39 h suspended)
      [08-21 20:13] pv ply 0   1,390,222,725 nodes     18,631/s  20.73 h cpu   27.8% of budget  (+9.39 h suspended)
      [08-21 20:15] pv ply 0   1,390,233,505 nodes     18,598/s  20.76 h cpu   27.8% of budget  (+9.39 h suspended)
      [08-21 20:17] pv ply 0   1,390,241,999 nodes     18,570/s  20.80 h cpu   27.8% of budget  (+9.39 h suspended)
      [08-21 20:18] pv ply 0   1,390,251,054 nodes     18,544/s  20.82 h cpu   27.8% of budget  (+9.39 h suspended)
      [08-21 20:24] pv ply 0   1,390,260,146 nodes     18,517/s  20.86 h cpu   27.8% of budget  (+9.45 h suspended)
      [08-21 20:22] pv ply 0   1,390,270,614 nodes     18,488/s  20.89 h cpu   27.8% of budget  (+9.39 h suspended)
      [08-21 20:24] pv ply 0   1,390,279,226 nodes     18,456/s  20.92 h cpu   27.8% of budget  (+9.39 h suspended)
      [08-21 20:26] pv ply 0   1,390,289,422 nodes     18,428/s  20.96 h cpu   27.8% of budget  (+9.39 h suspended)
      [08-21 20:28] pv ply 0   1,390,299,976 nodes     18,402/s  20.99 h cpu   27.8% of budget  (+9.39 h suspended)
      [08-21 20:34] pv ply 0   1,390,303,474 nodes     18,369/s  21.02 h cpu   27.8% of budget  (+9.39 h suspended)
      [08-21 20:32] pv ply 0   1,390,380,914 nodes     18,347/s  21.05 h cpu   27.8% of budget  (+9.39 h suspended)
      [08-21 20:33] pv ply 0   1,390,458,996 nodes     18,327/s  21.07 h cpu   27.8% of budget  (+9.39 h suspended)
      [08-21 20:38] pv ply 0   1,390,544,093 nodes     18,308/s  21.10 h cpu   27.8% of budget  (+9.45 h suspended)
      [08-21 20:36] pv ply 0   1,390,615,216 nodes     18,288/s  21.12 h cpu   27.8% of budget  (+9.39 h suspended)
      [08-21 20:41] pv ply 0   1,390,785,119 nodes     18,269/s  21.15 h cpu   27.8% of budget  (+9.45 h suspended)
      [08-21 20:43] pv ply 0   1,392,370,392 nodes     18,270/s  21.17 h cpu   27.8% of budget  (+9.45 h suspended)
    ply  0  sweep=WIN   agree      1,400,240,037 nodes
nohup: ignoring input

  === EXP-002 PV audit — 5x3-h2 ===
  database: data/checkpoints/5x3-h2
  root value from the sweep: P1
  interpreter: pypy 3.11.15
  node budget: 5,000,000,000 per position
  heartbeat: every 60s
  RESUMING from results/exp002-pv-audit-5x3-h2.json: 1 PV positions and 0 first moves decided

  principal variation, 15 plies:
    A1:P1:0 E3:P6:0 A2:P2-adj:0 E2:P3-y:5 A3:P2-skip:0 E1:P3-fan:5 B1:P2-opp:0 D3:P2-opp:2 B2:P3-fan:3 D2:P2-skip:5 B3:P6:0 D1:P2-adj:5 C1:P3-y:2 C3:P1:5 C2:P3-tri:0

  part 1 — re-deriving every position on the PV by forward search
    (independent table per position — see the comment in the source)
    ply  0  (from a previous session)
      [08-22 00:56] pv ply 1          40,109 nodes     15,450/s   0.00 h cpu    0.0% of budget  (+0.06 h suspended)
      [08-22 00:57] pv ply 1       2,961,504 nodes     47,086/s   0.02 h cpu    0.1% of budget  (+0.06 h suspended)
      [08-23 10:14] pv ply 1       8,491,180 nodes     76,485/s   0.03 h cpu    0.2% of budget  (+33.33 h suspended)
      [08-23 10:15] pv ply 1      14,935,827 nodes     87,207/s   0.05 h cpu    0.3% of budget  (+33.33 h suspended)
      [08-23 10:16] pv ply 1      22,458,116 nodes     97,107/s   0.06 h cpu    0.4% of budget  (+33.33 h suspended)
      [08-23 10:17] pv ply 1      29,740,632 nodes    102,035/s   0.08 h cpu    0.6% of budget  (+33.33 h suspended)
      [08-23 10:18] pv ply 1      37,920,078 nodes    107,885/s   0.10 h cpu    0.8% of budget  (+33.33 h suspended)
      [08-23 10:15] pv ply 1      45,398,290 nodes    110,275/s   0.11 h cpu    0.9% of budget  (+33.27 h suspended)
      [08-23 10:19] pv ply 1      45,774,345 nodes    109,908/s   0.12 h cpu    0.9% of budget  (+33.33 h suspended)
      [08-23 10:20] pv ply 1      54,949,681 nodes    115,300/s   0.13 h cpu    1.1% of budget  (+33.33 h suspended)
      [08-23 10:18] pv ply 1      62,348,399 nodes    116,124/s   0.15 h cpu    1.2% of budget  (+33.27 h suspended)
      [08-23 10:18] pv ply 1      62,368,264 nodes    114,792/s   0.15 h cpu    1.2% of budget  (+33.27 h suspended)
      [08-23 10:21] pv ply 1      62,772,837 nodes    114,826/s   0.15 h cpu    1.3% of budget  (+33.33 h suspended)
      [08-23 10:22] pv ply 1      70,894,556 nodes    116,838/s   0.17 h cpu    1.4% of budget  (+33.33 h suspended)
      [08-23 10:23] pv ply 1      78,306,930 nodes    117,422/s   0.19 h cpu    1.6% of budget  (+33.33 h suspended)
      [08-23 10:24] pv ply 1      83,429,196 nodes    114,760/s   0.20 h cpu    1.7% of budget  (+33.33 h suspended)
      [08-23 10:25] pv ply 1      90,436,760 nodes    114,904/s   0.22 h cpu    1.8% of budget  (+33.33 h suspended)
      [08-23 10:26] pv ply 1      95,782,041 nodes    113,065/s   0.24 h cpu    1.9% of budget  (+33.33 h suspended)
      [08-23 10:27] pv ply 1     103,728,761 nodes    114,334/s   0.25 h cpu    2.1% of budget  (+33.33 h suspended)
      [08-23 10:28] pv ply 1     110,222,038 nodes    113,921/s   0.27 h cpu    2.2% of budget  (+33.33 h suspended)
      [08-23 10:29] pv ply 1     116,797,333 nodes    113,667/s   0.29 h cpu    2.3% of budget  (+33.33 h suspended)
      [08-23 10:30] pv ply 1     123,624,697 nodes    113,673/s   0.30 h cpu    2.5% of budget  (+33.33 h suspended)
      [08-23 10:31] pv ply 1     128,430,950 nodes    111,910/s   0.32 h cpu    2.6% of budget  (+33.33 h suspended)
      [08-23 10:32] pv ply 1     137,003,068 nodes    113,438/s   0.34 h cpu    2.7% of budget  (+33.33 h suspended)
      [08-23 10:33] pv ply 1     144,562,520 nodes    114,011/s   0.35 h cpu    2.9% of budget  (+33.33 h suspended)
      [08-23 10:34] pv ply 1     150,079,982 nodes    113,014/s   0.37 h cpu    3.0% of budget  (+33.33 h suspended)
      [08-23 10:35] pv ply 1     158,572,302 nodes    114,246/s   0.39 h cpu    3.2% of budget  (+33.33 h suspended)
      [08-23 10:33] pv ply 1     161,661,166 nodes    111,560/s   0.40 h cpu    3.2% of budget  (+33.27 h suspended)
      [08-23 10:36] pv ply 1     162,083,197 nodes    111,547/s   0.40 h cpu    3.2% of budget  (+33.33 h suspended)
      [08-23 10:37] pv ply 1     169,830,263 nodes    112,236/s   0.42 h cpu    3.4% of budget  (+33.33 h suspended)
      [08-23 10:38] pv ply 1     177,330,597 nodes    112,718/s   0.44 h cpu    3.5% of budget  (+33.33 h suspended)
      [08-23 10:39] pv ply 1     181,220,392 nodes    110,954/s   0.45 h cpu    3.6% of budget  (+33.33 h suspended)
      [08-23 10:40] pv ply 1     189,208,842 nodes    111,734/s   0.47 h cpu    3.8% of budget  (+33.33 h suspended)
      [08-23 10:41] pv ply 1     194,938,367 nodes    111,167/s   0.49 h cpu    3.9% of budget  (+33.33 h suspended)
      [08-23 10:42] pv ply 1     198,863,107 nodes    109,652/s   0.50 h cpu    4.0% of budget  (+33.33 h suspended)
      [08-23 10:43] pv ply 1     206,180,994 nodes    110,041/s   0.52 h cpu    4.1% of budget  (+33.33 h suspended)
      [08-23 10:44] pv ply 1     212,133,347 nodes    109,696/s   0.54 h cpu    4.2% of budget  (+33.33 h suspended)
      [08-23 10:45] pv ply 1     215,382,256 nodes    108,024/s   0.55 h cpu    4.3% of budget  (+33.33 h suspended)
      [08-23 10:46] pv ply 1     222,436,171 nodes    108,296/s   0.57 h cpu    4.4% of budget  (+33.33 h suspended)
      [08-23 10:47] pv ply 1     228,919,288 nodes    108,278/s   0.59 h cpu    4.6% of budget  (+33.33 h suspended)
      [08-23 10:48] pv ply 1     232,417,622 nodes    106,898/s   0.60 h cpu    4.6% of budget  (+33.33 h suspended)
      [08-23 10:49] pv ply 1     240,694,502 nodes    107,730/s   0.62 h cpu    4.8% of budget  (+33.33 h suspended)
      [08-23 10:47] pv ply 1     246,716,075 nodes    107,521/s   0.64 h cpu    4.9% of budget  (+33.27 h suspended)
      [08-23 10:47] pv ply 1     246,736,900 nodes    107,293/s   0.64 h cpu    4.9% of budget  (+33.27 h suspended)
      [08-23 10:47] pv ply 1     246,757,030 nodes    107,068/s   0.64 h cpu    4.9% of budget  (+33.27 h suspended)
      [08-23 10:51] pv ply 1     246,776,767 nodes    106,860/s   0.64 h cpu    4.9% of budget  (+33.33 h suspended)
      [08-23 10:52] pv ply 1     251,908,157 nodes    106,316/s   0.66 h cpu    5.0% of budget  (+33.33 h suspended)
      [08-23 10:53] pv ply 1     259,621,968 nodes    106,862/s   0.67 h cpu    5.2% of budget  (+33.33 h suspended)
      [08-23 10:50] pv ply 1     264,990,481 nodes    106,424/s   0.69 h cpu    5.3% of budget  (+33.27 h suspended)
      [08-23 10:50] pv ply 1     265,009,387 nodes    106,220/s   0.69 h cpu    5.3% of budget  (+33.27 h suspended)
      [08-23 10:54] pv ply 1     265,027,575 nodes    106,019/s   0.69 h cpu    5.3% of budget  (+33.33 h suspended)
      [08-23 10:55] pv ply 1     269,630,597 nodes    105,331/s   0.71 h cpu    5.4% of budget  (+33.33 h suspended)
      [08-23 10:56] pv ply 1     276,859,011 nodes    105,677/s   0.73 h cpu    5.5% of budget  (+33.33 h suspended)
      [08-23 10:57] pv ply 1     283,306,573 nodes    105,711/s   0.74 h cpu    5.7% of budget  (+33.33 h suspended)
      [08-23 10:53] pv ply 1     283,330,309 nodes    105,515/s   0.75 h cpu    5.7% of budget  (+33.27 h suspended)
      [08-23 10:57] pv ply 1     283,352,261 nodes    105,335/s   0.75 h cpu    5.7% of budget  (+33.33 h suspended)
      [08-23 10:58] pv ply 1     286,776,676 nodes    104,280/s   0.76 h cpu    5.7% of budget  (+33.33 h suspended)
      [08-23 10:59] pv ply 1     294,423,267 nodes    104,772/s   0.78 h cpu    5.9% of budget  (+33.33 h suspended)
      [08-23 11:00] pv ply 1     301,264,668 nodes    104,960/s   0.80 h cpu    6.0% of budget  (+33.33 h suspended)
      [08-23 11:01] pv ply 1     301,794,636 nodes    102,984/s   0.81 h cpu    6.0% of budget  (+33.33 h suspended)
      [08-23 10:58] pv ply 1     301,814,716 nodes    102,609/s   0.82 h cpu    6.0% of budget  (+33.27 h suspended)
      [08-23 10:58] pv ply 1     301,815,643 nodes    102,461/s   0.82 h cpu    6.0% of budget  (+33.27 h suspended)
      [08-23 11:01] pv ply 1     301,983,001 nodes    102,348/s   0.82 h cpu    6.0% of budget  (+33.33 h suspended)
      [08-23 11:01] pv ply 1     302,070,795 nodes    102,204/s   0.82 h cpu    6.0% of budget  (+33.33 h suspended)
      [08-23 11:02] pv ply 1     308,895,287 nodes    102,434/s   0.84 h cpu    6.2% of budget  (+33.33 h suspended)
      [08-23 11:03] pv ply 1     316,013,650 nodes    102,749/s   0.85 h cpu    6.3% of budget  (+33.33 h suspended)
      [08-23 11:04] pv ply 1     319,462,428 nodes    101,874/s   0.87 h cpu    6.4% of budget  (+33.33 h suspended)
      [08-23 11:01] pv ply 1     319,485,598 nodes    101,716/s   0.87 h cpu    6.4% of budget  (+33.27 h suspended)
      [08-23 11:05] pv ply 1     319,506,514 nodes    101,571/s   0.87 h cpu    6.4% of budget  (+33.33 h suspended)
      [08-23 11:02] pv ply 1     319,801,752 nodes     99,741/s   0.89 h cpu    6.4% of budget  (+33.27 h suspended)
      [08-23 11:06] pv ply 1     319,810,060 nodes     99,601/s   0.89 h cpu    6.4% of budget  (+33.33 h suspended)
      [08-23 11:07] pv ply 1     323,579,035 nodes     98,926/s   0.91 h cpu    6.5% of budget  (+33.33 h suspended)
      [08-23 11:08] pv ply 1     330,392,655 nodes     99,189/s   0.93 h cpu    6.6% of budget  (+33.33 h suspended)
      [08-23 11:09] pv ply 1     336,543,429 nodes     99,244/s   0.94 h cpu    6.7% of budget  (+33.33 h suspended)
      [08-23 11:10] pv ply 1     337,594,497 nodes     97,819/s   0.96 h cpu    6.8% of budget  (+33.33 h suspended)
      [08-23 11:06] pv ply 1     337,615,375 nodes     97,677/s   0.96 h cpu    6.8% of budget  (+33.27 h suspended)
      [08-23 11:10] pv ply 1     337,634,041 nodes     97,549/s   0.96 h cpu    6.8% of budget  (+33.33 h suspended)
      [08-23 11:07] pv ply 1     337,810,720 nodes     95,912/s   0.98 h cpu    6.8% of budget  (+33.27 h suspended)
      [08-23 11:07] pv ply 1     337,820,054 nodes     95,740/s   0.98 h cpu    6.8% of budget  (+33.27 h suspended)
      [08-23 11:07] pv ply 1     337,867,924 nodes     95,635/s   0.98 h cpu    6.8% of budget  (+33.27 h suspended)
      [08-23 11:08] pv ply 1     337,872,807 nodes     95,534/s   0.98 h cpu    6.8% of budget  (+33.27 h suspended)
      [08-23 11:08] pv ply 1     337,883,255 nodes     95,369/s   0.98 h cpu    6.8% of budget  (+33.27 h suspended)
      [08-23 11:08] pv ply 1     337,885,592 nodes     95,267/s   0.99 h cpu    6.8% of budget  (+33.27 h suspended)
      [08-23 11:08] pv ply 1     337,901,078 nodes     95,140/s   0.99 h cpu    6.8% of budget  (+33.27 h suspended)
      [08-23 11:12] pv ply 1     337,912,917 nodes     95,015/s   0.99 h cpu    6.8% of budget  (+33.33 h suspended)
      [08-23 11:08] pv ply 1     337,920,044 nodes     94,857/s   0.99 h cpu    6.8% of budget  (+33.27 h suspended)
      [08-23 11:08] pv ply 1     337,926,093 nodes     94,712/s   0.99 h cpu    6.8% of budget  (+33.27 h suspended)
      [08-23 11:08] pv ply 1     337,932,593 nodes     94,609/s   0.99 h cpu    6.8% of budget  (+33.27 h suspended)
      [08-23 11:12] pv ply 1     337,957,489 nodes     94,496/s   0.99 h cpu    6.8% of budget  (+33.33 h suspended)
      [08-23 11:13] pv ply 1     339,671,580 nodes     93,407/s   1.01 h cpu    6.8% of budget  (+33.33 h suspended)
      [08-23 11:14] pv ply 1     342,778,987 nodes     92,728/s   1.03 h cpu    6.9% of budget  (+33.33 h suspended)
      [08-23 11:15] pv ply 1     346,685,858 nodes     92,285/s   1.04 h cpu    6.9% of budget  (+33.33 h suspended)
      [08-23 11:16] pv ply 1     351,415,345 nodes     92,072/s   1.06 h cpu    7.0% of budget  (+33.33 h suspended)
      [08-23 11:14] pv ply 1     355,120,828 nodes     90,770/s   1.09 h cpu    7.1% of budget  (+33.27 h suspended)
      [08-23 11:14] pv ply 1     355,123,647 nodes     90,355/s   1.09 h cpu    7.1% of budget  (+33.27 h suspended)
      [08-23 11:14] pv ply 1     355,125,140 nodes     90,199/s   1.09 h cpu    7.1% of budget  (+33.27 h suspended)
      [08-23 11:14] pv ply 1     355,127,770 nodes     89,968/s   1.10 h cpu    7.1% of budget  (+33.27 h suspended)
      [08-23 11:14] pv ply 1     355,130,475 nodes     89,791/s   1.10 h cpu    7.1% of budget  (+33.27 h suspended)
      [08-23 11:15] pv ply 1     355,131,882 nodes     89,720/s   1.10 h cpu    7.1% of budget  (+33.27 h suspended)
      [08-23 11:15] pv ply 1     355,134,496 nodes     89,617/s   1.10 h cpu    7.1% of budget  (+33.27 h suspended)
      [08-23 11:15] pv ply 1     355,138,278 nodes     89,475/s   1.10 h cpu    7.1% of budget  (+33.27 h suspended)
      [08-23 11:15] pv ply 1     355,140,874 nodes     89,387/s   1.10 h cpu    7.1% of budget  (+33.27 h suspended)
      [08-23 11:15] pv ply 1     355,145,216 nodes     89,271/s   1.11 h cpu    7.1% of budget  (+33.27 h suspended)
      [08-23 11:15] pv ply 1     355,149,373 nodes     89,158/s   1.11 h cpu    7.1% of budget  (+33.27 h suspended)
      [08-23 11:15] pv ply 1     355,153,360 nodes     89,070/s   1.11 h cpu    7.1% of budget  (+33.27 h suspended)
      [08-23 11:15] pv ply 1     355,159,895 nodes     88,950/s   1.11 h cpu    7.1% of budget  (+33.27 h suspended)
      [08-23 11:15] pv ply 1     355,166,743 nodes     88,842/s   1.11 h cpu    7.1% of budget  (+33.27 h suspended)
      [08-23 11:19] pv ply 1     355,173,580 nodes     88,747/s   1.11 h cpu    7.1% of budget  (+33.33 h suspended)
      [08-23 11:17] pv ply 1     355,316,459 nodes     86,364/s   1.14 h cpu    7.1% of budget  (+33.27 h suspended)
      [08-23 11:21] pv ply 1     355,320,845 nodes     86,301/s   1.14 h cpu    7.1% of budget  (+33.33 h suspended)
      [08-23 11:18] pv ply 1     355,439,029 nodes     85,075/s   1.16 h cpu    7.1% of budget  (+33.27 h suspended)
      [08-23 11:18] pv ply 1     355,445,908 nodes     84,975/s   1.16 h cpu    7.1% of budget  (+33.27 h suspended)
      [08-23 11:18] pv ply 1     355,453,044 nodes     84,879/s   1.16 h cpu    7.1% of budget  (+33.27 h suspended)
      [08-23 11:22] pv ply 1     355,459,683 nodes     84,788/s   1.16 h cpu    7.1% of budget  (+33.33 h suspended)
      [08-23 11:19] pv ply 1     355,466,674 nodes     84,675/s   1.17 h cpu    7.1% of budget  (+33.27 h suspended)
      [08-23 11:19] pv ply 1     355,473,467 nodes     84,577/s   1.17 h cpu    7.1% of budget  (+33.27 h suspended)
      [08-23 11:19] pv ply 1     355,480,171 nodes     84,482/s   1.17 h cpu    7.1% of budget  (+33.27 h suspended)
      [08-23 11:19] pv ply 1     355,489,474 nodes     84,368/s   1.17 h cpu    7.1% of budget  (+33.27 h suspended)
      [08-23 11:19] pv ply 1     355,492,097 nodes     84,289/s   1.17 h cpu    7.1% of budget  (+33.27 h suspended)
      [08-23 11:19] pv ply 1     355,497,433 nodes     84,190/s   1.17 h cpu    7.1% of budget  (+33.27 h suspended)
      [08-23 11:19] pv ply 1     355,536,209 nodes     84,078/s   1.17 h cpu    7.1% of budget  (+33.27 h suspended)
      [08-23 11:19] pv ply 1     355,540,248 nodes     83,997/s   1.18 h cpu    7.1% of budget  (+33.27 h suspended)
      [08-23 11:19] pv ply 1     355,545,585 nodes     83,883/s   1.18 h cpu    7.1% of budget  (+33.27 h suspended)
      [08-23 11:19] pv ply 1     355,549,208 nodes     83,794/s   1.18 h cpu    7.1% of budget  (+33.27 h suspended)
      [08-23 11:19] pv ply 1     355,554,545 nodes     83,686/s   1.18 h cpu    7.1% of budget  (+33.27 h suspended)
      [08-23 11:19] pv ply 1     355,558,568 nodes     83,601/s   1.18 h cpu    7.1% of budget  (+33.27 h suspended)
      [08-23 11:20] pv ply 1     355,566,460 nodes     83,504/s   1.18 h cpu    7.1% of budget  (+33.27 h suspended)
      [08-23 11:20] pv ply 1     355,572,692 nodes     83,406/s   1.18 h cpu    7.1% of budget  (+33.27 h suspended)
      [08-23 11:20] pv ply 1     355,577,955 nodes     83,310/s   1.19 h cpu    7.1% of budget  (+33.27 h suspended)
      [08-23 11:20] pv ply 1     355,583,507 nodes     83,214/s   1.19 h cpu    7.1% of budget  (+33.27 h suspended)
      [08-23 11:20] pv ply 1     355,588,944 nodes     83,115/s   1.19 h cpu    7.1% of budget  (+33.27 h suspended)
      [08-23 11:20] pv ply 1     355,594,602 nodes     83,025/s   1.19 h cpu    7.1% of budget  (+33.27 h suspended)
      [08-23 11:20] pv ply 1     355,601,370 nodes     82,925/s   1.19 h cpu    7.1% of budget  (+33.27 h suspended)
      [08-23 11:20] pv ply 1     355,608,180 nodes     82,829/s   1.19 h cpu    7.1% of budget  (+33.27 h suspended)
      [08-23 11:24] pv ply 1     355,670,213 nodes     82,762/s   1.19 h cpu    7.1% of budget  (+33.33 h suspended)
      [08-23 11:25] pv ply 1     358,087,001 nodes     82,177/s   1.21 h cpu    7.2% of budget  (+33.33 h suspended)
      [08-23 11:26] pv ply 1     362,791,224 nodes     82,124/s   1.23 h cpu    7.3% of budget  (+33.33 h suspended)
      [08-23 11:27] pv ply 1     367,073,933 nodes     81,978/s   1.24 h cpu    7.3% of budget  (+33.33 h suspended)
      [08-23 11:28] pv ply 1     371,023,096 nodes     81,763/s   1.26 h cpu    7.4% of budget  (+33.33 h suspended)
      [08-23 11:25] pv ply 1     372,980,690 nodes     80,818/s   1.28 h cpu    7.5% of budget  (+33.27 h suspended)
      [08-23 11:26] pv ply 1     372,983,207 nodes     80,258/s   1.29 h cpu    7.5% of budget  (+33.27 h suspended)
      [08-23 11:30] pv ply 1     372,985,811 nodes     79,814/s   1.30 h cpu    7.5% of budget  (+33.33 h suspended)
      [08-23 11:27] pv ply 1     372,988,328 nodes     79,485/s   1.30 h cpu    7.5% of budget  (+33.27 h suspended)
      [08-23 11:27] pv ply 1     372,990,881 nodes     79,209/s   1.31 h cpu    7.5% of budget  (+33.27 h suspended)
      [08-23 11:27] pv ply 1     372,992,249 nodes     79,081/s   1.31 h cpu    7.5% of budget  (+33.27 h suspended)
      [08-23 11:27] pv ply 1     372,993,576 nodes     78,967/s   1.31 h cpu    7.5% of budget  (+33.27 h suspended)
      [08-23 11:28] pv ply 1     373,027,783 nodes     77,891/s   1.33 h cpu    7.5% of budget  (+33.27 h suspended)
      [08-23 11:28] pv ply 1     373,032,972 nodes     77,813/s   1.33 h cpu    7.5% of budget  (+33.27 h suspended)
      [08-23 11:29] pv ply 1     373,037,895 nodes     77,738/s   1.33 h cpu    7.5% of budget  (+33.27 h suspended)
      [08-23 11:29] pv ply 1     373,044,084 nodes     77,644/s   1.33 h cpu    7.5% of budget  (+33.27 h suspended)
      [08-23 11:32] pv ply 1     373,049,152 nodes     77,580/s   1.34 h cpu    7.5% of budget  (+33.33 h suspended)
      [08-23 11:30] pv ply 1     373,155,061 nodes     76,640/s   1.35 h cpu    7.5% of budget  (+33.27 h suspended)
      [08-23 11:30] pv ply 1     373,166,154 nodes     76,560/s   1.35 h cpu    7.5% of budget  (+33.27 h suspended)
      [08-23 11:31] pv ply 1     373,173,184 nodes     75,132/s   1.38 h cpu    7.5% of budget  (+33.27 h suspended)
      [08-23 11:31] pv ply 1     373,181,496 nodes     75,018/s   1.38 h cpu    7.5% of budget  (+33.27 h suspended)
      [08-23 11:32] pv ply 1     373,190,174 nodes     74,948/s   1.38 h cpu    7.5% of budget  (+33.27 h suspended)
      [08-23 11:32] pv ply 1     373,197,578 nodes     74,868/s   1.38 h cpu    7.5% of budget  (+33.27 h suspended)
      [08-23 11:32] pv ply 1     373,204,642 nodes     74,802/s   1.39 h cpu    7.5% of budget  (+33.27 h suspended)
      [08-23 11:35] pv ply 1     373,211,599 nodes     74,735/s   1.39 h cpu    7.5% of budget  (+33.33 h suspended)
      [08-23 11:33] pv ply 1     373,289,347 nodes     73,858/s   1.40 h cpu    7.5% of budget  (+33.27 h suspended)
      [08-23 11:33] pv ply 1     373,296,219 nodes     73,785/s   1.41 h cpu    7.5% of budget  (+33.27 h suspended)
      [08-23 11:37] pv ply 1     373,304,348 nodes     73,718/s   1.41 h cpu    7.5% of budget  (+33.33 h suspended)
      [08-23 11:34] pv ply 1     373,397,415 nodes     72,855/s   1.42 h cpu    7.5% of budget  (+33.27 h suspended)
      [08-23 11:34] pv ply 1     373,401,495 nodes     72,794/s   1.42 h cpu    7.5% of budget  (+33.27 h suspended)
      [08-23 11:34] pv ply 1     373,405,602 nodes     72,728/s   1.43 h cpu    7.5% of budget  (+33.27 h suspended)
      [08-23 11:34] pv ply 1     373,411,601 nodes     72,653/s   1.43 h cpu    7.5% of budget  (+33.27 h suspended)
      [08-23 11:38] pv ply 1     373,416,036 nodes     72,593/s   1.43 h cpu    7.5% of budget  (+33.33 h suspended)
      [08-23 11:34] pv ply 1     373,420,497 nodes     72,507/s   1.43 h cpu    7.5% of budget  (+33.27 h suspended)
      [08-23 11:34] pv ply 1     373,424,858 nodes     72,441/s   1.43 h cpu    7.5% of budget  (+33.27 h suspended)
      [08-23 11:35] pv ply 1     373,429,391 nodes     72,375/s   1.43 h cpu    7.5% of budget  (+33.27 h suspended)
      [08-23 11:35] pv ply 1     373,433,988 nodes     72,309/s   1.43 h cpu    7.5% of budget  (+33.27 h suspended)
      [08-23 11:35] pv ply 1     373,440,031 nodes     72,240/s   1.44 h cpu    7.5% of budget  (+33.27 h suspended)
      [08-23 11:38] pv ply 1     373,445,739 nodes     72,177/s   1.44 h cpu    7.5% of budget  (+33.33 h suspended)
      [08-23 11:39] pv ply 1     374,533,899 nodes     71,557/s   1.45 h cpu    7.5% of budget  (+33.33 h suspended)
      [08-23 11:40] pv ply 1     376,684,398 nodes     71,152/s   1.47 h cpu    7.5% of budget  (+33.33 h suspended)
      [08-23 11:41] pv ply 1     379,553,234 nodes     70,889/s   1.49 h cpu    7.6% of budget  (+33.33 h suspended)
      [08-23 11:42] pv ply 1     382,749,184 nodes     70,693/s   1.50 h cpu    7.7% of budget  (+33.33 h suspended)
      [08-23 11:43] pv ply 1     385,865,098 nodes     70,486/s   1.52 h cpu    7.7% of budget  (+33.33 h suspended)
      [08-23 11:44] pv ply 1     389,233,541 nodes     70,329/s   1.54 h cpu    7.8% of budget  (+33.33 h suspended)
      [08-23 11:43] pv ply 1     391,519,449 nodes     69,272/s   1.57 h cpu    7.8% of budget  (+33.27 h suspended)
      [08-23 11:43] pv ply 1     391,522,674 nodes     68,777/s   1.58 h cpu    7.8% of budget  (+33.27 h suspended)
      [08-23 11:44] pv ply 1     391,525,325 nodes     68,377/s   1.59 h cpu    7.8% of budget  (+33.27 h suspended)
      [08-23 11:45] pv ply 1     391,528,395 nodes     68,016/s   1.60 h cpu    7.8% of budget  (+33.27 h suspended)
      [08-23 11:45] pv ply 1     391,529,660 nodes     67,907/s   1.60 h cpu    7.8% of budget  (+33.27 h suspended)
      [08-23 11:49] pv ply 1     391,532,057 nodes     67,727/s   1.61 h cpu    7.8% of budget  (+33.33 h suspended)
      [08-23 11:45] pv ply 1     391,534,874 nodes     67,579/s   1.61 h cpu    7.8% of budget  (+33.27 h suspended)
      [08-23 11:45] pv ply 1     391,537,617 nodes     67,463/s   1.61 h cpu    7.8% of budget  (+33.27 h suspended)
      [08-23 11:45] pv ply 1     391,539,062 nodes     67,408/s   1.61 h cpu    7.8% of budget  (+33.27 h suspended)
      [08-23 11:45] pv ply 1     391,540,310 nodes     67,369/s   1.61 h cpu    7.8% of budget  (+33.27 h suspended)
      [08-23 11:49] pv ply 1     391,541,752 nodes     67,320/s   1.62 h cpu    7.8% of budget  (+33.33 h suspended)
      [08-23 11:47] pv ply 1     391,585,408 nodes     66,623/s   1.63 h cpu    7.8% of budget  (+33.27 h suspended)
      [08-23 11:47] pv ply 1     391,591,001 nodes     66,573/s   1.63 h cpu    7.8% of budget  (+33.27 h suspended)
      [08-23 11:47] pv ply 1     391,596,846 nodes     66,524/s   1.64 h cpu    7.8% of budget  (+33.27 h suspended)
      [08-23 11:47] pv ply 1     391,604,346 nodes     66,469/s   1.64 h cpu    7.8% of budget  (+33.27 h suspended)
      [08-23 11:47] pv ply 1     391,613,122 nodes     66,409/s   1.64 h cpu    7.8% of budget  (+33.27 h suspended)
      [08-23 11:47] pv ply 1     391,621,506 nodes     66,355/s   1.64 h cpu    7.8% of budget  (+33.27 h suspended)
      [08-23 11:47] pv ply 1     391,630,146 nodes     66,303/s   1.64 h cpu    7.8% of budget  (+33.27 h suspended)
      [08-23 11:47] pv ply 1     391,640,736 nodes     66,244/s   1.64 h cpu    7.8% of budget  (+33.27 h suspended)
      [08-23 11:51] pv ply 1     391,650,142 nodes     66,198/s   1.64 h cpu    7.8% of budget  (+33.33 h suspended)
      [08-23 11:50] pv ply 1     391,734,694 nodes     64,540/s   1.69 h cpu    7.8% of budget  (+33.27 h suspended)
      [08-23 11:50] pv ply 1     391,737,636 nodes     64,463/s   1.69 h cpu    7.8% of budget  (+33.27 h suspended)
      [08-23 11:54] pv ply 1     391,745,499 nodes     64,414/s   1.69 h cpu    7.8% of budget  (+33.33 h suspended)
      [08-23 11:51] pv ply 1     391,819,790 nodes     63,789/s   1.71 h cpu    7.8% of budget  (+33.27 h suspended)
      [08-23 11:55] pv ply 1     391,824,263 nodes     63,747/s   1.71 h cpu    7.8% of budget  (+33.33 h suspended)
      [08-23 11:52] pv ply 1     391,887,486 nodes     63,131/s   1.72 h cpu    7.8% of budget  (+33.27 h suspended)
      [08-23 11:52] pv ply 1     391,891,810 nodes     63,079/s   1.73 h cpu    7.8% of budget  (+33.27 h suspended)
      [08-23 11:52] pv ply 1     391,895,569 nodes     63,024/s   1.73 h cpu    7.8% of budget  (+33.27 h suspended)
      [08-23 11:52] pv ply 1     391,899,928 nodes     62,976/s   1.73 h cpu    7.8% of budget  (+33.27 h suspended)
      [08-23 11:52] pv ply 1     391,904,730 nodes     62,930/s   1.73 h cpu    7.8% of budget  (+33.27 h suspended)
      [08-23 11:52] pv ply 1     391,909,021 nodes     62,887/s   1.73 h cpu    7.8% of budget  (+33.27 h suspended)
      [08-23 11:53] pv ply 1     391,913,454 nodes     62,835/s   1.73 h cpu    7.8% of budget  (+33.27 h suspended)
      [08-23 11:56] pv ply 1     391,918,211 nodes     62,789/s   1.73 h cpu    7.8% of budget  (+33.33 h suspended)
      [08-23 11:57] pv ply 1     392,003,288 nodes     62,204/s   1.75 h cpu    7.8% of budget  (+33.33 h suspended)
      [08-23 11:54] pv ply 1     392,012,355 nodes     62,146/s   1.75 h cpu    7.8% of budget  (+33.27 h suspended)
      [08-23 11:54] pv ply 1     392,019,849 nodes     62,100/s   1.75 h cpu    7.8% of budget  (+33.27 h suspended)
      [08-23 11:57] pv ply 1     392,027,386 nodes     62,059/s   1.75 h cpu    7.8% of budget  (+33.33 h suspended)
      [08-23 11:58] pv ply 1     392,781,773 nodes     61,593/s   1.77 h cpu    7.9% of budget  (+33.33 h suspended)
      [08-23 11:59] pv ply 1     392,884,078 nodes     61,562/s   1.77 h cpu    7.9% of budget  (+33.33 h suspended)
      [08-23 12:00] pv ply 1     394,267,033 nodes     61,202/s   1.79 h cpu    7.9% of budget  (+33.33 h suspended)
      [08-23 12:01] pv ply 1     396,025,359 nodes     60,907/s   1.81 h cpu    7.9% of budget  (+33.33 h suspended)
      [08-23 12:02] pv ply 1     398,608,709 nodes     60,743/s   1.82 h cpu    8.0% of budget  (+33.33 h suspended)
      [08-23 12:03] pv ply 1     401,771,835 nodes     60,670/s   1.84 h cpu    8.0% of budget  (+33.33 h suspended)
      [08-23 12:04] pv ply 1     405,044,993 nodes     60,614/s   1.86 h cpu    8.1% of budget  (+33.33 h suspended)
      [08-23 12:05] pv ply 1     408,280,797 nodes     60,553/s   1.87 h cpu    8.2% of budget  (+33.33 h suspended)
      [08-23 12:02] pv ply 1     410,284,161 nodes     60,095/s   1.90 h cpu    8.2% of budget  (+33.27 h suspended)
      [08-23 12:03] pv ply 1     410,286,972 nodes     59,559/s   1.91 h cpu    8.2% of budget  (+33.27 h suspended)
      [08-23 12:04] pv ply 1     410,289,931 nodes     59,116/s   1.93 h cpu    8.2% of budget  (+33.27 h suspended)
      [08-23 12:05] pv ply 1     410,293,016 nodes     58,835/s   1.94 h cpu    8.2% of budget  (+33.27 h suspended)
      [08-23 12:05] pv ply 1     410,296,079 nodes     58,608/s   1.94 h cpu    8.2% of budget  (+33.27 h suspended)
      [08-23 12:06] pv ply 1     410,299,132 nodes     58,444/s   1.95 h cpu    8.2% of budget  (+33.27 h suspended)
      [08-23 12:06] pv ply 1     410,302,463 nodes     58,291/s   1.96 h cpu    8.2% of budget  (+33.27 h suspended)
      [08-23 12:06] pv ply 1     410,305,587 nodes     58,179/s   1.96 h cpu    8.2% of budget  (+33.27 h suspended)
      [08-23 12:06] pv ply 1     410,307,037 nodes     58,128/s   1.96 h cpu    8.2% of budget  (+33.27 h suspended)
      [08-23 12:06] pv ply 1     410,310,260 nodes     58,050/s   1.96 h cpu    8.2% of budget  (+33.27 h suspended)
      [08-23 12:07] pv ply 1     410,313,437 nodes     57,970/s   1.97 h cpu    8.2% of budget  (+33.27 h suspended)
      [08-23 12:07] pv ply 1     410,315,006 nodes     57,933/s   1.97 h cpu    8.2% of budget  (+33.27 h suspended)
      [08-23 12:07] pv ply 1     410,316,387 nodes     57,905/s   1.97 h cpu    8.2% of budget  (+33.27 h suspended)
      [08-23 12:07] pv ply 1     410,317,804 nodes     57,871/s   1.97 h cpu    8.2% of budget  (+33.27 h suspended)
      [08-23 12:07] pv ply 1     410,322,671 nodes     57,786/s   1.97 h cpu    8.2% of budget  (+33.27 h suspended)
      [08-23 12:08] pv ply 1     410,372,615 nodes     57,281/s   1.99 h cpu    8.2% of budget  (+33.27 h suspended)
      [08-23 12:08] pv ply 1     410,378,806 nodes     57,241/s   1.99 h cpu    8.2% of budget  (+33.27 h suspended)
      [08-23 12:12] pv ply 1     410,383,561 nodes     57,209/s   1.99 h cpu    8.2% of budget  (+33.33 h suspended)
      [08-23 12:09] pv ply 1     410,477,215 nodes     56,743/s   2.01 h cpu    8.2% of budget  (+33.27 h suspended)
      [08-23 12:09] pv ply 1     410,485,900 nodes     56,705/s   2.01 h cpu    8.2% of budget  (+33.27 h suspended)
      [08-23 12:09] pv ply 1     410,494,905 nodes     56,665/s   2.01 h cpu    8.2% of budget  (+33.27 h suspended)
      [08-23 12:09] pv ply 1     410,504,027 nodes     56,624/s   2.01 h cpu    8.2% of budget  (+33.27 h suspended)
      [08-23 12:12] pv ply 1     410,506,818 nodes     55,342/s   2.06 h cpu    8.2% of budget  (+33.27 h suspended)
      [08-23 12:12] pv ply 1     410,513,056 nodes     55,290/s   2.06 h cpu    8.2% of budget  (+33.27 h suspended)
      [08-23 12:12] pv ply 1     410,519,355 nodes     55,257/s   2.06 h cpu    8.2% of budget  (+33.27 h suspended)
      [08-23 12:12] pv ply 1     410,525,245 nodes     55,222/s   2.07 h cpu    8.2% of budget  (+33.27 h suspended)
      [08-23 12:13] pv ply 1     410,531,173 nodes     55,181/s   2.07 h cpu    8.2% of budget  (+33.27 h suspended)
      [08-23 12:13] pv ply 1     410,537,160 nodes     55,145/s   2.07 h cpu    8.2% of budget  (+33.27 h suspended)
      [08-23 12:13] pv ply 1     410,543,373 nodes     55,108/s   2.07 h cpu    8.2% of budget  (+33.27 h suspended)
      [08-23 12:13] pv ply 1     410,549,193 nodes     55,071/s   2.07 h cpu    8.2% of budget  (+33.27 h suspended)
      [08-23 12:13] pv ply 1     410,555,217 nodes     55,036/s   2.07 h cpu    8.2% of budget  (+33.27 h suspended)
      [08-23 12:13] pv ply 1     410,560,668 nodes     54,998/s   2.07 h cpu    8.2% of budget  (+33.27 h suspended)
      [08-23 12:17] pv ply 1     410,565,171 nodes     54,970/s   2.07 h cpu    8.2% of budget  (+33.33 h suspended)
      [08-23 12:14] pv ply 1     410,632,021 nodes     54,534/s   2.09 h cpu    8.2% of budget  (+33.27 h suspended)
      [08-23 12:14] pv ply 1     410,636,299 nodes     54,503/s   2.09 h cpu    8.2% of budget  (+33.27 h suspended)
      [08-23 12:14] pv ply 1     410,640,621 nodes     54,466/s   2.09 h cpu    8.2% of budget  (+33.27 h suspended)
      [08-23 12:14] pv ply 1     410,644,966 nodes     54,432/s   2.10 h cpu    8.2% of budget  (+33.27 h suspended)
      [08-23 12:14] pv ply 1     410,651,268 nodes     54,389/s   2.10 h cpu    8.2% of budget  (+33.27 h suspended)
      [08-23 12:18] pv ply 1     410,654,257 nodes     54,362/s   2.10 h cpu    8.2% of budget  (+33.33 h suspended)
      [08-23 12:19] pv ply 1     410,702,881 nodes     53,940/s   2.12 h cpu    8.2% of budget  (+33.33 h suspended)
      [08-23 12:16] pv ply 1     410,706,129 nodes     53,900/s   2.12 h cpu    8.2% of budget  (+33.27 h suspended)
      [08-23 12:16] pv ply 1     410,708,984 nodes     53,863/s   2.12 h cpu    8.2% of budget  (+33.27 h suspended)
      [08-23 12:16] pv ply 1     410,713,785 nodes     53,807/s   2.12 h cpu    8.2% of budget  (+33.27 h suspended)
      [08-23 12:16] pv ply 1     410,723,631 nodes     53,763/s   2.12 h cpu    8.2% of budget  (+33.27 h suspended)
      [08-23 12:16] pv ply 1     410,735,835 nodes     53,728/s   2.12 h cpu    8.2% of budget  (+33.27 h suspended)
      [08-23 12:20] pv ply 1     410,746,011 nodes     53,699/s   2.12 h cpu    8.2% of budget  (+33.33 h suspended)
      [08-23 12:16] pv ply 1     410,754,998 nodes     53,662/s   2.13 h cpu    8.2% of budget  (+33.27 h suspended)
      [08-23 12:16] pv ply 1     410,759,257 nodes     53,619/s   2.13 h cpu    8.2% of budget  (+33.27 h suspended)
      [08-23 12:16] pv ply 1     410,762,148 nodes     53,593/s   2.13 h cpu    8.2% of budget  (+33.27 h suspended)
      [08-23 12:16] pv ply 1     410,766,547 nodes     53,547/s   2.13 h cpu    8.2% of budget  (+33.27 h suspended)
      [08-23 12:16] pv ply 1     410,769,447 nodes     53,519/s   2.13 h cpu    8.2% of budget  (+33.27 h suspended)
      [08-23 12:17] pv ply 1     410,773,723 nodes     53,481/s   2.13 h cpu    8.2% of budget  (+33.27 h suspended)
      [08-23 12:17] pv ply 1     410,776,452 nodes     53,452/s   2.13 h cpu    8.2% of budget  (+33.27 h suspended)
      [08-23 12:17] pv ply 1     410,782,473 nodes     53,391/s   2.14 h cpu    8.2% of budget  (+33.27 h suspended)
      [08-23 12:17] pv ply 1     410,786,733 nodes     53,350/s   2.14 h cpu    8.2% of budget  (+33.27 h suspended)
      [08-23 12:17] pv ply 1     410,792,681 nodes     53,291/s   2.14 h cpu    8.2% of budget  (+33.27 h suspended)
      [08-23 12:17] pv ply 1     410,797,303 nodes     53,249/s   2.14 h cpu    8.2% of budget  (+33.27 h suspended)
      [08-23 12:17] pv ply 1     410,801,915 nodes     53,202/s   2.14 h cpu    8.2% of budget  (+33.27 h suspended)
      [08-23 12:17] pv ply 1     410,804,783 nodes     53,173/s   2.15 h cpu    8.2% of budget  (+33.27 h suspended)
      [08-23 12:17] pv ply 1     410,808,019 nodes     53,141/s   2.15 h cpu    8.2% of budget  (+33.27 h suspended)
      [08-23 12:17] pv ply 1     410,811,120 nodes     53,113/s   2.15 h cpu    8.2% of budget  (+33.27 h suspended)
      [08-23 12:18] pv ply 1     410,815,624 nodes     53,066/s   2.15 h cpu    8.2% of budget  (+33.27 h suspended)
      [08-23 12:18] pv ply 1     410,818,553 nodes     53,034/s   2.15 h cpu    8.2% of budget  (+33.27 h suspended)
      [08-23 12:18] pv ply 1     410,821,592 nodes     53,003/s   2.15 h cpu    8.2% of budget  (+33.27 h suspended)
      [08-23 12:18] pv ply 1     410,829,763 nodes     52,925/s   2.16 h cpu    8.2% of budget  (+33.27 h suspended)
      [08-23 12:18] pv ply 1     410,835,587 nodes     52,865/s   2.16 h cpu    8.2% of budget  (+33.27 h suspended)
      [08-23 12:18] pv ply 1     410,838,694 nodes     52,834/s   2.16 h cpu    8.2% of budget  (+33.27 h suspended)
      [08-23 12:18] pv ply 1     410,841,477 nodes     52,801/s   2.16 h cpu    8.2% of budget  (+33.27 h suspended)
      [08-23 12:18] pv ply 1     410,844,700 nodes     52,773/s   2.16 h cpu    8.2% of budget  (+33.27 h suspended)
      [08-23 12:22] pv ply 1     410,896,613 nodes     52,749/s   2.16 h cpu    8.2% of budget  (+33.33 h suspended)
      [08-23 12:23] pv ply 1     411,709,460 nodes     52,447/s   2.18 h cpu    8.2% of budget  (+33.33 h suspended)
      [08-23 12:23] pv ply 1     411,808,818 nodes     52,427/s   2.18 h cpu    8.2% of budget  (+33.33 h suspended)
      [08-23 12:24] pv ply 1     413,008,225 nodes     52,180/s   2.20 h cpu    8.3% of budget  (+33.33 h suspended)
      [08-23 12:25] pv ply 1     414,313,171 nodes     51,950/s   2.22 h cpu    8.3% of budget  (+33.33 h suspended)
      [08-23 12:25] pv ply 1     414,422,010 nodes     51,932/s   2.22 h cpu    8.3% of budget  (+33.33 h suspended)
      [08-23 12:26] pv ply 1     415,943,913 nodes     51,733/s   2.23 h cpu    8.3% of budget  (+33.33 h suspended)
      [08-23 12:27] pv ply 1     417,968,813 nodes     51,599/s   2.25 h cpu    8.4% of budget  (+33.33 h suspended)
      [08-23 12:28] pv ply 1     420,482,095 nodes     51,527/s   2.27 h cpu    8.4% of budget  (+33.33 h suspended)
      [08-23 12:29] pv ply 1     422,509,403 nodes     51,397/s   2.28 h cpu    8.5% of budget  (+33.33 h suspended)
      [08-23 12:30] pv ply 1     424,795,484 nodes     51,300/s   2.30 h cpu    8.5% of budget  (+33.33 h suspended)
      [08-23 12:31] pv ply 1     427,520,773 nodes     51,257/s   2.32 h cpu    8.6% of budget  (+33.33 h suspended)
      [08-23 12:30] pv ply 1     429,369,268 nodes     50,599/s   2.36 h cpu    8.6% of budget  (+33.27 h suspended)
      [08-23 12:31] pv ply 1     429,372,018 nodes     50,253/s   2.37 h cpu    8.6% of budget  (+33.27 h suspended)
      [08-23 12:32] pv ply 1     429,375,869 nodes     49,928/s   2.39 h cpu    8.6% of budget  (+33.27 h suspended)
      [08-23 12:32] pv ply 1     429,378,507 nodes     49,760/s   2.40 h cpu    8.6% of budget  (+33.27 h suspended)
      [08-23 12:33] pv ply 1     429,379,864 nodes     49,676/s   2.40 h cpu    8.6% of budget  (+33.27 h suspended)
      [08-23 12:33] pv ply 1     429,382,689 nodes     49,533/s   2.41 h cpu    8.6% of budget  (+33.27 h suspended)
      [08-23 12:33] pv ply 1     429,384,052 nodes     49,456/s   2.41 h cpu    8.6% of budget  (+33.27 h suspended)
      [08-23 12:34] pv ply 1     429,386,876 nodes     49,326/s   2.42 h cpu    8.6% of budget  (+33.27 h suspended)
      [08-23 12:34] pv ply 1     429,389,625 nodes     49,195/s   2.42 h cpu    8.6% of budget  (+33.27 h suspended)
      [08-23 12:34] pv ply 1     429,391,060 nodes     49,147/s   2.43 h cpu    8.6% of budget  (+33.27 h suspended)
      [08-23 12:34] pv ply 1     429,394,241 nodes     49,043/s   2.43 h cpu    8.6% of budget  (+33.27 h suspended)
      [08-23 12:36] pv ply 1     429,415,803 nodes     48,657/s   2.45 h cpu    8.6% of budget  (+33.27 h suspended)
      [08-23 12:36] pv ply 1     429,419,892 nodes     48,612/s   2.45 h cpu    8.6% of budget  (+33.27 h suspended)
      [08-23 12:36] pv ply 1     429,422,830 nodes     48,586/s   2.46 h cpu    8.6% of budget  (+33.27 h suspended)
      [08-23 12:36] pv ply 1     429,426,002 nodes     48,558/s   2.46 h cpu    8.6% of budget  (+33.27 h suspended)
      [08-23 12:36] pv ply 1     429,429,174 nodes     48,532/s   2.46 h cpu    8.6% of budget  (+33.27 h suspended)
      [08-23 12:36] pv ply 1     429,431,759 nodes     48,509/s   2.46 h cpu    8.6% of budget  (+33.27 h suspended)
      [08-23 12:36] pv ply 1     429,435,334 nodes     48,477/s   2.46 h cpu    8.6% of budget  (+33.27 h suspended)
      [08-23 12:36] pv ply 1     429,437,874 nodes     48,458/s   2.46 h cpu    8.6% of budget  (+33.27 h suspended)
      [08-23 12:36] pv ply 1     429,441,747 nodes     48,427/s   2.46 h cpu    8.6% of budget  (+33.27 h suspended)
      [08-23 12:40] pv ply 1     429,444,449 nodes     48,406/s   2.46 h cpu    8.6% of budget  (+33.33 h suspended)
      [08-23 12:37] pv ply 1     429,506,996 nodes     48,081/s   2.48 h cpu    8.6% of budget  (+33.27 h suspended)
      [08-23 12:38] pv ply 1     429,512,820 nodes     48,058/s   2.48 h cpu    8.6% of budget  (+33.27 h suspended)
      [08-23 12:38] pv ply 1     429,520,066 nodes     48,031/s   2.48 h cpu    8.6% of budget  (+33.27 h suspended)
      [08-23 12:41] pv ply 1     429,525,968 nodes     48,009/s   2.49 h cpu    8.6% of budget  (+33.33 h suspended)
      [08-23 12:41] pv ply 1     429,582,157 nodes     46,885/s   2.55 h cpu    8.6% of budget  (+33.27 h suspended)
      [08-23 12:41] pv ply 1     429,585,372 nodes     46,828/s   2.55 h cpu    8.6% of budget  (+33.27 h suspended)
      [08-23 12:42] pv ply 1     429,592,119 nodes     46,806/s   2.55 h cpu    8.6% of budget  (+33.27 h suspended)
      [08-23 12:42] pv ply 1     429,597,551 nodes     46,783/s   2.55 h cpu    8.6% of budget  (+33.27 h suspended)
      [08-23 12:45] pv ply 1     429,602,901 nodes     46,762/s   2.55 h cpu    8.6% of budget  (+33.33 h suspended)
      [08-23 12:43] pv ply 1     429,671,684 nodes     46,460/s   2.57 h cpu    8.6% of budget  (+33.27 h suspended)
      [08-23 12:43] pv ply 1     429,676,026 nodes     46,439/s   2.57 h cpu    8.6% of budget  (+33.27 h suspended)
      [08-23 12:43] pv ply 1     429,681,987 nodes     46,410/s   2.57 h cpu    8.6% of budget  (+33.27 h suspended)
      [08-23 12:43] pv ply 1     429,686,525 nodes     46,385/s   2.57 h cpu    8.6% of budget  (+33.27 h suspended)
      [08-23 12:43] pv ply 1     429,689,620 nodes     46,360/s   2.57 h cpu    8.6% of budget  (+33.27 h suspended)
      [08-23 12:43] pv ply 1     429,694,112 nodes     46,338/s   2.58 h cpu    8.6% of budget  (+33.27 h suspended)
      [08-23 12:47] pv ply 1     429,698,857 nodes     46,317/s   2.58 h cpu    8.6% of budget  (+33.33 h suspended)
      [08-23 12:44] pv ply 1     429,750,766 nodes     46,024/s   2.59 h cpu    8.6% of budget  (+33.27 h suspended)
      [08-23 12:44] pv ply 1     429,756,063 nodes     45,990/s   2.60 h cpu    8.6% of budget  (+33.27 h suspended)
      [08-23 12:44] pv ply 1     429,759,092 nodes     45,964/s   2.60 h cpu    8.6% of budget  (+33.27 h suspended)
      [08-23 12:44] pv ply 1     429,762,410 nodes     45,937/s   2.60 h cpu    8.6% of budget  (+33.27 h suspended)
      [08-23 12:45] pv ply 1     429,765,712 nodes     45,912/s   2.60 h cpu    8.6% of budget  (+33.27 h suspended)
      [08-23 12:48] pv ply 1     429,767,091 nodes     45,901/s   2.60 h cpu    8.6% of budget  (+33.33 h suspended)
      [08-23 12:46] pv ply 1     429,835,319 nodes     45,596/s   2.62 h cpu    8.6% of budget  (+33.27 h suspended)
      [08-23 12:46] pv ply 1     429,839,663 nodes     45,547/s   2.62 h cpu    8.6% of budget  (+33.27 h suspended)
      [08-23 12:46] pv ply 1     429,842,338 nodes     45,518/s   2.62 h cpu    8.6% of budget  (+33.27 h suspended)
      [08-23 12:46] pv ply 1     429,844,927 nodes     45,489/s   2.62 h cpu    8.6% of budget  (+33.27 h suspended)
      [08-23 12:46] pv ply 1     429,847,596 nodes     45,462/s   2.63 h cpu    8.6% of budget  (+33.27 h suspended)
      [08-23 12:46] pv ply 1     429,850,221 nodes     45,437/s   2.63 h cpu    8.6% of budget  (+33.27 h suspended)
      [08-23 12:46] pv ply 1     429,852,887 nodes     45,410/s   2.63 h cpu    8.6% of budget  (+33.27 h suspended)
      [08-23 12:46] pv ply 1     429,854,250 nodes     45,398/s   2.63 h cpu    8.6% of budget  (+33.27 h suspended)
      [08-23 12:47] pv ply 1     429,858,609 nodes     45,354/s   2.63 h cpu    8.6% of budget  (+33.27 h suspended)
      [08-23 12:47] pv ply 1     429,861,528 nodes     45,327/s   2.63 h cpu    8.6% of budget  (+33.27 h suspended)
      [08-23 12:47] pv ply 1     429,864,301 nodes     45,300/s   2.64 h cpu    8.6% of budget  (+33.27 h suspended)
      [08-23 12:47] pv ply 1     429,867,303 nodes     45,271/s   2.64 h cpu    8.6% of budget  (+33.27 h suspended)
      [08-23 12:47] pv ply 1     429,871,864 nodes     45,229/s   2.64 h cpu    8.6% of budget  (+33.27 h suspended)
      [08-23 12:47] pv ply 1     429,874,872 nodes     45,200/s   2.64 h cpu    8.6% of budget  (+33.27 h suspended)
      [08-23 12:47] pv ply 1     429,879,286 nodes     45,155/s   2.64 h cpu    8.6% of budget  (+33.27 h suspended)
      [08-23 12:47] pv ply 1     429,882,183 nodes     45,127/s   2.65 h cpu    8.6% of budget  (+33.27 h suspended)
      [08-23 12:47] pv ply 1     429,883,477 nodes     45,114/s   2.65 h cpu    8.6% of budget  (+33.27 h suspended)
      [08-23 12:51] pv ply 1     429,886,372 nodes     45,085/s   2.65 h cpu    8.6% of budget  (+33.33 h suspended)
      [08-23 12:52] pv ply 1     430,001,944 nodes     44,777/s   2.67 h cpu    8.6% of budget  (+33.33 h suspended)
      [08-23 12:52] pv ply 1     430,049,850 nodes     44,757/s   2.67 h cpu    8.6% of budget  (+33.33 h suspended)
      [08-23 12:53] pv ply 1     430,846,229 nodes     44,561/s   2.69 h cpu    8.6% of budget  (+33.33 h suspended)
      [08-23 12:53] pv ply 1     430,928,540 nodes     44,546/s   2.69 h cpu    8.6% of budget  (+33.33 h suspended)
      [08-23 12:54] pv ply 1     431,880,617 nodes     44,369/s   2.70 h cpu    8.6% of budget  (+33.33 h suspended)
      [08-23 12:55] pv ply 1     433,132,098 nodes     44,224/s   2.72 h cpu    8.7% of budget  (+33.33 h suspended)
      [08-23 12:56] pv ply 1     433,261,210 nodes     44,215/s   2.72 h cpu    8.7% of budget  (+33.33 h suspended)
      [08-23 12:53] pv ply 1     434,798,364 nodes     44,101/s   2.74 h cpu    8.7% of budget  (+33.27 h suspended)
      [08-23 12:57] pv ply 1     434,922,869 nodes     44,092/s   2.74 h cpu    8.7% of budget  (+33.33 h suspended)
      [08-23 12:58] pv ply 1     437,022,930 nodes     44,037/s   2.76 h cpu    8.7% of budget  (+33.33 h suspended)
      [08-23 12:59] pv ply 1     439,384,275 nodes     44,009/s   2.77 h cpu    8.8% of budget  (+33.33 h suspended)
      [08-23 13:00] pv ply 1     441,721,219 nodes     43,977/s   2.79 h cpu    8.8% of budget  (+33.33 h suspended)
      [08-23 13:00] pv ply 1     441,972,729 nodes     43,981/s   2.79 h cpu    8.8% of budget  (+33.33 h suspended)
      [08-23 13:01] pv ply 1     444,734,761 nodes     43,993/s   2.81 h cpu    8.9% of budget  (+33.33 h suspended)
      [08-23 13:02] pv ply 1     447,736,445 nodes     44,028/s   2.82 h cpu    9.0% of budget  (+33.33 h suspended)
      [08-23 12:59] pv ply 1     447,956,492 nodes     43,704/s   2.85 h cpu    9.0% of budget  (+33.27 h suspended)
      [08-23 13:01] pv ply 1     447,960,391 nodes     43,327/s   2.87 h cpu    9.0% of budget  (+33.27 h suspended)
      [08-23 13:02] pv ply 1     447,963,320 nodes     43,134/s   2.88 h cpu    9.0% of budget  (+33.27 h suspended)
      [08-23 13:02] pv ply 1     447,965,923 nodes     42,984/s   2.89 h cpu    9.0% of budget  (+33.27 h suspended)
      [08-23 13:03] pv ply 1     447,968,739 nodes     42,825/s   2.91 h cpu    9.0% of budget  (+33.27 h suspended)
      [08-23 13:03] pv ply 1     447,971,548 nodes     42,686/s   2.92 h cpu    9.0% of budget  (+33.27 h suspended)
      [08-23 13:04] pv ply 1     447,974,477 nodes     42,587/s   2.92 h cpu    9.0% of budget  (+33.27 h suspended)
      [08-23 13:04] pv ply 1     447,977,215 nodes     42,511/s   2.93 h cpu    9.0% of budget  (+33.27 h suspended)
      [08-23 13:04] pv ply 1     447,979,940 nodes     42,444/s   2.93 h cpu    9.0% of budget  (+33.27 h suspended)
      [08-23 13:05] pv ply 1     447,981,336 nodes     42,412/s   2.93 h cpu    9.0% of budget  (+33.27 h suspended)
      [08-23 13:05] pv ply 1     447,984,048 nodes     42,359/s   2.94 h cpu    9.0% of budget  (+33.27 h suspended)
      [08-23 13:05] pv ply 1     447,986,647 nodes     42,311/s   2.94 h cpu    9.0% of budget  (+33.27 h suspended)
      [08-23 13:05] pv ply 1     447,989,289 nodes     42,265/s   2.94 h cpu    9.0% of budget  (+33.27 h suspended)
      [08-23 13:05] pv ply 1     447,991,726 nodes     42,226/s   2.95 h cpu    9.0% of budget  (+33.27 h suspended)
      [08-23 13:05] pv ply 1     447,993,085 nodes     42,204/s   2.95 h cpu    9.0% of budget  (+33.27 h suspended)
      [08-23 13:06] pv ply 1     447,994,571 nodes     42,188/s   2.95 h cpu    9.0% of budget  (+33.27 h suspended)
      [08-23 13:06] pv ply 1     447,996,102 nodes     42,169/s   2.95 h cpu    9.0% of budget  (+33.27 h suspended)
      [08-23 13:06] pv ply 1     447,999,071 nodes     42,137/s   2.95 h cpu    9.0% of budget  (+33.27 h suspended)
      [08-23 13:06] pv ply 1     448,000,652 nodes     42,121/s   2.95 h cpu    9.0% of budget  (+33.27 h suspended)
      [08-23 13:06] pv ply 1     448,003,459 nodes     42,093/s   2.96 h cpu    9.0% of budget  (+33.27 h suspended)
      [08-23 13:06] pv ply 1     448,007,643 nodes     42,052/s   2.96 h cpu    9.0% of budget  (+33.27 h suspended)
      [08-23 13:06] pv ply 1     448,011,573 nodes     42,019/s   2.96 h cpu    9.0% of budget  (+33.27 h suspended)
      [08-23 13:06] pv ply 1     448,014,201 nodes     41,997/s   2.96 h cpu    9.0% of budget  (+33.27 h suspended)
      [08-23 13:10] pv ply 1     448,015,556 nodes     41,987/s   2.96 h cpu    9.0% of budget  (+33.33 h suspended)
      [08-23 13:07] pv ply 1     448,051,898 nodes     41,743/s   2.98 h cpu    9.0% of budget  (+33.27 h suspended)
      [08-23 13:08] pv ply 1     448,056,787 nodes     41,713/s   2.98 h cpu    9.0% of budget  (+33.27 h suspended)
      [08-23 13:11] pv ply 1     448,059,409 nodes     41,698/s   2.98 h cpu    9.0% of budget  (+33.33 h suspended)
      [08-23 13:09] pv ply 1     448,116,056 nodes     41,465/s   3.00 h cpu    9.0% of budget  (+33.27 h suspended)
      [08-23 13:12] pv ply 1     448,119,769 nodes     41,451/s   3.00 h cpu    9.0% of budget  (+33.33 h suspended)
      [08-23 13:12] pv ply 1     448,178,400 nodes     40,707/s   3.06 h cpu    9.0% of budget  (+33.27 h suspended)
      [08-23 13:12] pv ply 1     448,181,309 nodes     40,661/s   3.06 h cpu    9.0% of budget  (+33.27 h suspended)
      [08-23 13:12] pv ply 1     448,184,074 nodes     40,647/s   3.06 h cpu    9.0% of budget  (+33.27 h suspended)
      [08-23 13:12] pv ply 1     448,191,276 nodes     40,629/s   3.06 h cpu    9.0% of budget  (+33.27 h suspended)
      [08-23 13:12] pv ply 1     448,198,471 nodes     40,610/s   3.07 h cpu    9.0% of budget  (+33.27 h suspended)
      [08-23 13:16] pv ply 1     448,204,600 nodes     40,594/s   3.07 h cpu    9.0% of budget  (+33.33 h suspended)
      [08-23 13:16] pv ply 1     448,210,513 nodes     40,577/s   3.07 h cpu    9.0% of budget  (+33.33 h suspended)
      [08-23 13:13] pv ply 1     448,217,886 nodes     40,556/s   3.07 h cpu    9.0% of budget  (+33.27 h suspended)
      [08-23 13:13] pv ply 1     448,223,058 nodes     40,538/s   3.07 h cpu    9.0% of budget  (+33.27 h suspended)
      [08-23 13:13] pv ply 1     448,227,822 nodes     40,521/s   3.07 h cpu    9.0% of budget  (+33.27 h suspended)
      [08-23 13:13] pv ply 1     448,232,915 nodes     40,503/s   3.07 h cpu    9.0% of budget  (+33.27 h suspended)
      [08-23 13:13] pv ply 1     448,238,233 nodes     40,486/s   3.08 h cpu    9.0% of budget  (+33.27 h suspended)
      [08-23 13:13] pv ply 1     448,243,664 nodes     40,467/s   3.08 h cpu    9.0% of budget  (+33.27 h suspended)
      [08-23 13:13] pv ply 1     448,249,179 nodes     40,448/s   3.08 h cpu    9.0% of budget  (+33.27 h suspended)
      [08-23 13:17] pv ply 1     448,253,065 nodes     40,434/s   3.08 h cpu    9.0% of budget  (+33.33 h suspended)
      [08-23 13:14] pv ply 1     448,293,529 nodes     40,216/s   3.10 h cpu    9.0% of budget  (+33.27 h suspended)
      [08-23 13:14] pv ply 1     448,297,708 nodes     40,201/s   3.10 h cpu    9.0% of budget  (+33.27 h suspended)
      [08-23 13:14] pv ply 1     448,303,720 nodes     40,183/s   3.10 h cpu    9.0% of budget  (+33.27 h suspended)
      [08-23 13:18] pv ply 1     448,308,112 nodes     40,167/s   3.10 h cpu    9.0% of budget  (+33.33 h suspended)
      [08-23 13:15] pv ply 1     448,315,466 nodes     40,141/s   3.10 h cpu    9.0% of budget  (+33.27 h suspended)
      [08-23 13:15] pv ply 1     448,319,865 nodes     40,127/s   3.10 h cpu    9.0% of budget  (+33.27 h suspended)
      [08-23 13:15] pv ply 1     448,324,517 nodes     40,113/s   3.10 h cpu    9.0% of budget  (+33.27 h suspended)
      [08-23 13:15] pv ply 1     448,330,675 nodes     40,093/s   3.11 h cpu    9.0% of budget  (+33.27 h suspended)
      [08-23 13:15] pv ply 1     448,335,217 nodes     40,078/s   3.11 h cpu    9.0% of budget  (+33.27 h suspended)
      [08-23 13:15] pv ply 1     448,341,284 nodes     40,059/s   3.11 h cpu    9.0% of budget  (+33.27 h suspended)
      [08-23 13:15] pv ply 1     448,345,586 nodes     40,044/s   3.11 h cpu    9.0% of budget  (+33.27 h suspended)
      [08-23 13:15] pv ply 1     448,351,373 nodes     40,026/s   3.11 h cpu    9.0% of budget  (+33.27 h suspended)
      [08-23 13:15] pv ply 1     448,356,944 nodes     40,008/s   3.11 h cpu    9.0% of budget  (+33.27 h suspended)
      [08-23 13:15] pv ply 1     448,362,793 nodes     39,976/s   3.12 h cpu    9.0% of budget  (+33.27 h suspended)
      [08-23 13:16] pv ply 1     448,370,075 nodes     39,949/s   3.12 h cpu    9.0% of budget  (+33.27 h suspended)
      [08-23 13:16] pv ply 1     448,376,114 nodes     39,920/s   3.12 h cpu    9.0% of budget  (+33.27 h suspended)
      [08-23 13:16] pv ply 1     448,380,563 nodes     39,898/s   3.12 h cpu    9.0% of budget  (+33.27 h suspended)
      [08-23 13:16] pv ply 1     448,383,464 nodes     39,880/s   3.12 h cpu    9.0% of budget  (+33.27 h suspended)
      [08-23 13:16] pv ply 1     448,386,504 nodes     39,865/s   3.12 h cpu    9.0% of budget  (+33.27 h suspended)
      [08-23 13:16] pv ply 1     448,389,599 nodes     39,849/s   3.13 h cpu    9.0% of budget  (+33.27 h suspended)
      [08-23 13:16] pv ply 1     448,397,101 nodes     39,834/s   3.13 h cpu    9.0% of budget  (+33.27 h suspended)
      [08-23 13:16] pv ply 1     448,405,084 nodes     39,817/s   3.13 h cpu    9.0% of budget  (+33.27 h suspended)
      [08-23 13:16] pv ply 1     448,412,731 nodes     39,800/s   3.13 h cpu    9.0% of budget  (+33.27 h suspended)
      [08-23 13:16] pv ply 1     448,421,333 nodes     39,783/s   3.13 h cpu    9.0% of budget  (+33.27 h suspended)
      [08-23 13:16] pv ply 1     448,429,100 nodes     39,761/s   3.13 h cpu    9.0% of budget  (+33.27 h suspended)
      [08-23 13:17] pv ply 1     448,431,692 nodes     39,744/s   3.13 h cpu    9.0% of budget  (+33.27 h suspended)
      [08-23 13:17] pv ply 1     448,435,821 nodes     39,723/s   3.14 h cpu    9.0% of budget  (+33.27 h suspended)
      [08-23 13:17] pv ply 1     448,437,151 nodes     39,714/s   3.14 h cpu    9.0% of budget  (+33.27 h suspended)
      [08-23 13:17] pv ply 1     448,442,647 nodes     39,684/s   3.14 h cpu    9.0% of budget  (+33.27 h suspended)
      [08-23 13:17] pv ply 1     448,446,897 nodes     39,662/s   3.14 h cpu    9.0% of budget  (+33.27 h suspended)
      [08-23 13:17] pv ply 1     448,450,861 nodes     39,643/s   3.14 h cpu    9.0% of budget  (+33.27 h suspended)
      [08-23 13:17] pv ply 1     448,455,344 nodes     39,622/s   3.14 h cpu    9.0% of budget  (+33.27 h suspended)
      [08-23 13:17] pv ply 1     448,459,653 nodes     39,590/s   3.15 h cpu    9.0% of budget  (+33.27 h suspended)
      [08-23 13:21] pv ply 1     448,462,343 nodes     39,577/s   3.15 h cpu    9.0% of budget  (+33.33 h suspended)
      [08-23 13:17] pv ply 1     448,466,817 nodes     39,558/s   3.15 h cpu    9.0% of budget  (+33.27 h suspended)
      [08-23 13:18] pv ply 1     448,472,811 nodes     39,531/s   3.15 h cpu    9.0% of budget  (+33.27 h suspended)
      [08-23 13:18] pv ply 1     448,478,336 nodes     39,504/s   3.15 h cpu    9.0% of budget  (+33.27 h suspended)
      [08-23 13:18] pv ply 1     448,481,266 nodes     39,490/s   3.15 h cpu    9.0% of budget  (+33.27 h suspended)
      [08-23 13:18] pv ply 1     448,485,547 nodes     39,470/s   3.16 h cpu    9.0% of budget  (+33.27 h suspended)
      [08-23 13:18] pv ply 1     448,488,380 nodes     39,457/s   3.16 h cpu    9.0% of budget  (+33.27 h suspended)
      [08-23 13:18] pv ply 1     448,492,783 nodes     39,435/s   3.16 h cpu    9.0% of budget  (+33.27 h suspended)
      [08-23 13:18] pv ply 1     448,495,673 nodes     39,420/s   3.16 h cpu    9.0% of budget  (+33.27 h suspended)
      [08-23 13:22] pv ply 1     448,498,568 nodes     39,407/s   3.16 h cpu    9.0% of budget  (+33.33 h suspended)
      [08-23 13:23] pv ply 1     448,785,966 nodes     39,225/s   3.18 h cpu    9.0% of budget  (+33.33 h suspended)
      [08-23 13:23] pv ply 1     448,837,593 nodes     39,213/s   3.18 h cpu    9.0% of budget  (+33.33 h suspended)
      [08-23 13:19] pv ply 1     448,867,848 nodes     39,183/s   3.18 h cpu    9.0% of budget  (+33.27 h suspended)
      [08-23 13:23] pv ply 1     448,875,825 nodes     39,181/s   3.18 h cpu    9.0% of budget  (+33.33 h suspended)
      [08-23 13:24] pv ply 1     449,887,988 nodes     39,064/s   3.20 h cpu    9.0% of budget  (+33.33 h suspended)
      [08-23 13:24] pv ply 1     449,958,819 nodes     39,054/s   3.20 h cpu    9.0% of budget  (+33.33 h suspended)
      [08-23 13:25] pv ply 1     451,064,768 nodes     38,947/s   3.22 h cpu    9.0% of budget  (+33.33 h suspended)
      [08-23 13:26] pv ply 1     452,680,910 nodes     38,884/s   3.23 h cpu    9.1% of budget  (+33.33 h suspended)
      [08-23 13:27] pv ply 1     454,543,463 nodes     38,844/s   3.25 h cpu    9.1% of budget  (+33.33 h suspended)
      [08-23 13:28] pv ply 1     456,255,657 nodes     38,791/s   3.27 h cpu    9.1% of budget  (+33.33 h suspended)
      [08-23 13:29] pv ply 1     458,192,015 nodes     38,756/s   3.28 h cpu    9.2% of budget  (+33.33 h suspended)
      [08-23 13:30] pv ply 1     460,437,134 nodes     38,749/s   3.30 h cpu    9.2% of budget  (+33.33 h suspended)
      [08-23 13:31] pv ply 1     462,309,454 nodes     38,711/s   3.32 h cpu    9.2% of budget  (+33.33 h suspended)
      [08-23 13:32] pv ply 1     464,603,118 nodes     38,708/s   3.33 h cpu    9.3% of budget  (+33.33 h suspended)
      [08-23 13:31] pv ply 1     466,838,488 nodes     38,437/s   3.37 h cpu    9.3% of budget  (+33.27 h suspended)
      [08-23 13:32] pv ply 1     466,841,381 nodes     38,199/s   3.39 h cpu    9.3% of budget  (+33.27 h suspended)
      [08-23 13:34] pv ply 1     466,845,553 nodes     37,926/s   3.42 h cpu    9.3% of budget  (+33.27 h suspended)
      [08-23 13:35] pv ply 1     466,852,728 nodes     37,620/s   3.45 h cpu    9.3% of budget  (+33.27 h suspended)
      [08-23 13:36] pv ply 1     466,855,691 nodes     37,520/s   3.46 h cpu    9.3% of budget  (+33.27 h suspended)
      [08-23 13:36] pv ply 1     466,859,074 nodes     37,428/s   3.46 h cpu    9.3% of budget  (+33.27 h suspended)
      [08-23 13:37] pv ply 1     466,862,164 nodes     37,358/s   3.47 h cpu    9.3% of budget  (+33.27 h suspended)
      [08-23 13:37] pv ply 1     466,865,245 nodes     37,299/s   3.48 h cpu    9.3% of budget  (+33.27 h suspended)
      [08-23 13:37] pv ply 1     466,868,296 nodes     37,251/s   3.48 h cpu    9.3% of budget  (+33.27 h suspended)
      [08-23 13:38] pv ply 1     466,871,642 nodes     37,207/s   3.49 h cpu    9.3% of budget  (+33.27 h suspended)
      [08-23 13:38] pv ply 1     466,874,111 nodes     37,171/s   3.49 h cpu    9.3% of budget  (+33.27 h suspended)
      [08-23 13:38] pv ply 1     466,876,860 nodes     37,138/s   3.49 h cpu    9.3% of budget  (+33.27 h suspended)
      [08-23 13:38] pv ply 1     466,879,551 nodes     37,107/s   3.50 h cpu    9.3% of budget  (+33.27 h suspended)
      [08-23 13:38] pv ply 1     466,882,172 nodes     37,078/s   3.50 h cpu    9.3% of budget  (+33.27 h suspended)
      [08-23 13:39] pv ply 1     466,886,438 nodes     37,038/s   3.50 h cpu    9.3% of budget  (+33.27 h suspended)
      [08-23 13:39] pv ply 1     466,889,574 nodes     37,011/s   3.50 h cpu    9.3% of budget  (+33.27 h suspended)
      [08-23 13:39] pv ply 1     466,891,038 nodes     36,997/s   3.51 h cpu    9.3% of budget  (+33.27 h suspended)
      [08-23 13:43] pv ply 1     466,893,982 nodes     36,969/s   3.51 h cpu    9.3% of budget  (+33.33 h suspended)
      [08-23 13:39] pv ply 1     466,896,716 nodes     36,946/s   3.51 h cpu    9.3% of budget  (+33.27 h suspended)
      [08-23 13:39] pv ply 1     466,898,131 nodes     36,937/s   3.51 h cpu    9.3% of budget  (+33.27 h suspended)
      [08-23 13:39] pv ply 1     466,902,463 nodes     36,902/s   3.51 h cpu    9.3% of budget  (+33.27 h suspended)
      [08-23 13:40] pv ply 1     466,905,399 nodes     36,881/s   3.52 h cpu    9.3% of budget  (+33.27 h suspended)
      [08-23 13:40] pv ply 1     466,907,982 nodes     36,861/s   3.52 h cpu    9.3% of budget  (+33.27 h suspended)
      [08-23 13:40] pv ply 1     466,912,626 nodes     36,828/s   3.52 h cpu    9.3% of budget  (+33.27 h suspended)
      [08-23 13:40] pv ply 1     466,915,435 nodes     36,808/s   3.52 h cpu    9.3% of budget  (+33.27 h suspended)
      [08-23 13:40] pv ply 1     466,918,264 nodes     36,788/s   3.53 h cpu    9.3% of budget  (+33.27 h suspended)
      [08-23 13:40] pv ply 1     466,922,809 nodes     36,758/s   3.53 h cpu    9.3% of budget  (+33.27 h suspended)
      [08-23 13:40] pv ply 1     466,924,218 nodes     36,749/s   3.53 h cpu    9.3% of budget  (+33.27 h suspended)
      [08-23 13:41] pv ply 1     466,956,155 nodes     36,556/s   3.55 h cpu    9.3% of budget  (+33.27 h suspended)
      [08-23 13:42] pv ply 1     466,960,169 nodes     36,534/s   3.55 h cpu    9.3% of budget  (+33.27 h suspended)
      [08-23 13:42] pv ply 1     466,964,493 nodes     36,512/s   3.55 h cpu    9.3% of budget  (+33.27 h suspended)
      [08-23 13:42] pv ply 1     466,967,328 nodes     36,497/s   3.55 h cpu    9.3% of budget  (+33.27 h suspended)
      [08-23 13:42] pv ply 1     466,970,228 nodes     36,483/s   3.56 h cpu    9.3% of budget  (+33.27 h suspended)
      [08-23 13:42] pv ply 1     466,973,150 nodes     36,469/s   3.56 h cpu    9.3% of budget  (+33.27 h suspended)
      [08-23 13:46] pv ply 1     466,976,052 nodes     36,455/s   3.56 h cpu    9.3% of budget  (+33.33 h suspended)
      [08-23 13:42] pv ply 1     466,980,485 nodes     36,435/s   3.56 h cpu    9.3% of budget  (+33.27 h suspended)
      [08-23 13:42] pv ply 1     466,983,321 nodes     36,423/s   3.56 h cpu    9.3% of budget  (+33.27 h suspended)
      [08-23 13:42] pv ply 1     466,986,271 nodes     36,412/s   3.56 h cpu    9.3% of budget  (+33.27 h suspended)
      [08-23 13:42] pv ply 1     466,990,268 nodes     36,394/s   3.56 h cpu    9.3% of budget  (+33.27 h suspended)
      [08-23 13:42] pv ply 1     466,993,159 nodes     36,383/s   3.57 h cpu    9.3% of budget  (+33.27 h suspended)
      [08-23 13:43] pv ply 1     466,996,113 nodes     36,370/s   3.57 h cpu    9.3% of budget  (+33.27 h suspended)
      [08-23 13:43] pv ply 1     467,000,417 nodes     36,353/s   3.57 h cpu    9.3% of budget  (+33.27 h suspended)
      [08-23 13:43] pv ply 1     467,003,300 nodes     36,341/s   3.57 h cpu    9.3% of budget  (+33.27 h suspended)
      [08-23 13:43] pv ply 1     467,007,680 nodes     36,325/s   3.57 h cpu    9.3% of budget  (+33.27 h suspended)
      [08-23 13:43] pv ply 1     467,010,784 nodes     36,315/s   3.57 h cpu    9.3% of budget  (+33.27 h suspended)
      [08-23 13:43] pv ply 1     467,014,878 nodes     36,299/s   3.57 h cpu    9.3% of budget  (+33.27 h suspended)
      [08-23 13:43] pv ply 1     467,017,885 nodes     36,287/s   3.57 h cpu    9.3% of budget  (+33.27 h suspended)
      [08-23 13:43] pv ply 1     467,021,863 nodes     36,272/s   3.58 h cpu    9.3% of budget  (+33.27 h suspended)
      [08-23 13:43] pv ply 1     467,026,078 nodes     36,258/s   3.58 h cpu    9.3% of budget  (+33.27 h suspended)
      [08-23 13:43] pv ply 1     467,030,425 nodes     36,244/s   3.58 h cpu    9.3% of budget  (+33.27 h suspended)
      [08-23 13:43] pv ply 1     467,034,872 nodes     36,230/s   3.58 h cpu    9.3% of budget  (+33.27 h suspended)
      [08-23 13:43] pv ply 1     467,039,560 nodes     36,218/s   3.58 h cpu    9.3% of budget  (+33.27 h suspended)
      [08-23 13:44] pv ply 1     467,044,267 nodes     36,205/s   3.58 h cpu    9.3% of budget  (+33.27 h suspended)
      [08-23 13:44] pv ply 1     467,049,088 nodes     36,192/s   3.58 h cpu    9.3% of budget  (+33.27 h suspended)
      [08-23 13:44] pv ply 1     467,055,203 nodes     36,176/s   3.59 h cpu    9.3% of budget  (+33.27 h suspended)
      [08-23 13:44] pv ply 1     467,059,114 nodes     36,163/s   3.59 h cpu    9.3% of budget  (+33.27 h suspended)
      [08-23 13:47] pv ply 1     467,063,213 nodes     36,152/s   3.59 h cpu    9.3% of budget  (+33.33 h suspended)
      [08-23 13:44] pv ply 1     467,068,435 nodes     36,137/s   3.59 h cpu    9.3% of budget  (+33.27 h suspended)
      [08-23 13:47] pv ply 1     467,073,762 nodes     35,664/s   3.64 h cpu    9.3% of budget  (+33.27 h suspended)
      [08-23 13:47] pv ply 1     467,076,391 nodes     35,632/s   3.64 h cpu    9.3% of budget  (+33.27 h suspended)
      [08-23 13:47] pv ply 1     467,082,994 nodes     35,614/s   3.64 h cpu    9.3% of budget  (+33.27 h suspended)
      [08-23 13:47] pv ply 1     467,090,113 nodes     35,601/s   3.64 h cpu    9.3% of budget  (+33.27 h suspended)
      [08-23 13:47] pv ply 1     467,097,567 nodes     35,586/s   3.65 h cpu    9.3% of budget  (+33.27 h suspended)
      [08-23 13:47] pv ply 1     467,102,828 nodes     35,574/s   3.65 h cpu    9.3% of budget  (+33.27 h suspended)
      [08-23 13:47] pv ply 1     467,108,111 nodes     35,561/s   3.65 h cpu    9.3% of budget  (+33.27 h suspended)
      [08-23 13:48] pv ply 1     467,113,947 nodes     35,549/s   3.65 h cpu    9.3% of budget  (+33.27 h suspended)
      [08-23 13:48] pv ply 1     467,119,292 nodes     35,536/s   3.65 h cpu    9.3% of budget  (+33.27 h suspended)
      [08-23 13:48] pv ply 1     467,126,272 nodes     35,520/s   3.65 h cpu    9.3% of budget  (+33.27 h suspended)
      [08-23 13:51] pv ply 1     467,131,092 nodes     35,510/s   3.65 h cpu    9.3% of budget  (+33.33 h suspended)
      [08-23 13:48] pv ply 1     467,136,682 nodes     35,496/s   3.66 h cpu    9.3% of budget  (+33.27 h suspended)
      [08-23 13:48] pv ply 1     467,142,072 nodes     35,481/s   3.66 h cpu    9.3% of budget  (+33.27 h suspended)
      [08-23 13:48] pv ply 1     467,146,545 nodes     35,470/s   3.66 h cpu    9.3% of budget  (+33.27 h suspended)
      [08-23 13:48] pv ply 1     467,152,053 nodes     35,456/s   3.66 h cpu    9.3% of budget  (+33.27 h suspended)
      [08-23 13:48] pv ply 1     467,156,283 nodes     35,444/s   3.66 h cpu    9.3% of budget  (+33.27 h suspended)
      [08-23 13:48] pv ply 1     467,161,989 nodes     35,429/s   3.66 h cpu    9.3% of budget  (+33.27 h suspended)
      [08-23 13:48] pv ply 1     467,166,291 nodes     35,417/s   3.66 h cpu    9.3% of budget  (+33.27 h suspended)
      [08-23 13:48] pv ply 1     467,170,660 nodes     35,404/s   3.67 h cpu    9.3% of budget  (+33.27 h suspended)
      [08-23 13:52] pv ply 1     467,174,940 nodes     35,392/s   3.67 h cpu    9.3% of budget  (+33.33 h suspended)
      [08-23 13:49] pv ply 1     467,180,608 nodes     35,371/s   3.67 h cpu    9.3% of budget  (+33.27 h suspended)
      [08-23 13:49] pv ply 1     467,183,472 nodes     35,364/s   3.67 h cpu    9.3% of budget  (+33.27 h suspended)
      [08-23 13:49] pv ply 1     467,189,498 nodes     35,351/s   3.67 h cpu    9.3% of budget  (+33.27 h suspended)
      [08-23 13:49] pv ply 1     467,195,926 nodes     35,338/s   3.67 h cpu    9.3% of budget  (+33.27 h suspended)
      [08-23 13:49] pv ply 1     467,200,613 nodes     35,327/s   3.67 h cpu    9.3% of budget  (+33.27 h suspended)
      [08-23 13:49] pv ply 1     467,206,452 nodes     35,311/s   3.68 h cpu    9.3% of budget  (+33.27 h suspended)
      [08-23 13:49] pv ply 1     467,210,582 nodes     35,298/s   3.68 h cpu    9.3% of budget  (+33.27 h suspended)
      [08-23 13:49] pv ply 1     467,214,532 nodes     35,284/s   3.68 h cpu    9.3% of budget  (+33.27 h suspended)
      [08-23 13:49] pv ply 1     467,218,915 nodes     35,271/s   3.68 h cpu    9.3% of budget  (+33.27 h suspended)
      [08-23 13:53] pv ply 1     467,221,821 nodes     35,262/s   3.68 h cpu    9.3% of budget  (+33.33 h suspended)
      [08-23 13:50] pv ply 1     467,269,754 nodes     35,101/s   3.70 h cpu    9.3% of budget  (+33.27 h suspended)
      [08-23 13:50] pv ply 1     467,272,537 nodes     35,088/s   3.70 h cpu    9.3% of budget  (+33.27 h suspended)
      [08-23 13:51] pv ply 1     467,275,358 nodes     35,075/s   3.70 h cpu    9.3% of budget  (+33.27 h suspended)
      [08-23 13:51] pv ply 1     467,278,308 nodes     35,063/s   3.70 h cpu    9.3% of budget  (+33.27 h suspended)
      [08-23 13:51] pv ply 1     467,281,167 nodes     35,051/s   3.70 h cpu    9.3% of budget  (+33.27 h suspended)
      [08-23 13:51] pv ply 1     467,284,053 nodes     35,037/s   3.70 h cpu    9.3% of budget  (+33.27 h suspended)
      [08-23 13:51] pv ply 1     467,287,063 nodes     35,026/s   3.71 h cpu    9.3% of budget  (+33.27 h suspended)
      [08-23 13:55] pv ply 1     467,295,496 nodes     35,016/s   3.71 h cpu    9.3% of budget  (+33.33 h suspended)
      [08-23 13:52] pv ply 1     467,341,220 nodes     34,859/s   3.72 h cpu    9.3% of budget  (+33.27 h suspended)
      [08-23 13:52] pv ply 1     467,343,946 nodes     34,832/s   3.73 h cpu    9.3% of budget  (+33.27 h suspended)
      [08-23 13:52] pv ply 1     467,348,275 nodes     34,808/s   3.73 h cpu    9.3% of budget  (+33.27 h suspended)
      [08-23 13:52] pv ply 1     467,352,638 nodes     34,785/s   3.73 h cpu    9.3% of budget  (+33.27 h suspended)
      [08-23 13:53] pv ply 1     467,355,470 nodes     34,770/s   3.73 h cpu    9.3% of budget  (+33.27 h suspended)
      [08-23 13:53] pv ply 1     467,358,322 nodes     34,757/s   3.74 h cpu    9.3% of budget  (+33.27 h suspended)
      [08-23 13:53] pv ply 1     467,361,128 nodes     34,732/s   3.74 h cpu    9.3% of budget  (+33.27 h suspended)
      [08-23 13:53] pv ply 1     467,363,854 nodes     34,718/s   3.74 h cpu    9.3% of budget  (+33.27 h suspended)
      [08-23 13:53] pv ply 1     467,366,615 nodes     34,704/s   3.74 h cpu    9.3% of budget  (+33.27 h suspended)
      [08-23 13:53] pv ply 1     467,369,435 nodes     34,690/s   3.74 h cpu    9.3% of budget  (+33.27 h suspended)
      [08-23 13:53] pv ply 1     467,372,008 nodes     34,678/s   3.74 h cpu    9.3% of budget  (+33.27 h suspended)
      [08-23 13:53] pv ply 1     467,374,765 nodes     34,662/s   3.75 h cpu    9.3% of budget  (+33.27 h suspended)
      [08-23 13:53] pv ply 1     467,379,016 nodes     34,641/s   3.75 h cpu    9.3% of budget  (+33.27 h suspended)
      [08-23 13:53] pv ply 1     467,382,021 nodes     34,625/s   3.75 h cpu    9.3% of budget  (+33.27 h suspended)
      [08-23 13:54] pv ply 1     467,387,551 nodes     34,591/s   3.75 h cpu    9.3% of budget  (+33.27 h suspended)
      [08-23 13:54] pv ply 1     467,390,488 nodes     34,576/s   3.75 h cpu    9.3% of budget  (+33.27 h suspended)
      [08-23 13:54] pv ply 1     467,394,543 nodes     34,555/s   3.76 h cpu    9.3% of budget  (+33.27 h suspended)
      [08-23 13:54] pv ply 1     467,397,382 nodes     34,539/s   3.76 h cpu    9.3% of budget  (+33.27 h suspended)
      [08-23 13:54] pv ply 1     467,401,648 nodes     34,516/s   3.76 h cpu    9.3% of budget  (+33.27 h suspended)
      [08-23 13:54] pv ply 1     467,404,631 nodes     34,502/s   3.76 h cpu    9.3% of budget  (+33.27 h suspended)
      [08-23 13:54] pv ply 1     467,407,320 nodes     34,485/s   3.76 h cpu    9.3% of budget  (+33.27 h suspended)
      [08-23 13:55] pv ply 1     467,411,562 nodes     34,460/s   3.77 h cpu    9.3% of budget  (+33.27 h suspended)
      [08-23 13:58] pv ply 1     467,417,266 nodes     34,431/s   3.77 h cpu    9.3% of budget  (+33.27 h suspended)
      [08-23 13:59] pv ply 1     468,244,855 nodes     34,339/s   3.79 h cpu    9.4% of budget  (+33.33 h suspended)
      [08-23 14:00] pv ply 1     469,789,939 nodes     34,301/s   3.80 h cpu    9.4% of budget  (+33.33 h suspended)
      [08-23 14:01] pv ply 1     469,912,966 nodes     34,297/s   3.81 h cpu    9.4% of budget  (+33.33 h suspended)
      [08-23 14:02] pv ply 1     471,180,969 nodes     34,240/s   3.82 h cpu    9.4% of budget  (+33.33 h suspended)
      [08-23 14:03] pv ply 1     473,103,277 nodes     34,230/s   3.84 h cpu    9.5% of budget  (+33.33 h suspended)
      [08-23 14:04] pv ply 1     475,185,191 nodes     34,231/s   3.86 h cpu    9.5% of budget  (+33.33 h suspended)
      [08-23 14:00] pv ply 1     475,288,303 nodes     34,226/s   3.86 h cpu    9.5% of budget  (+33.27 h suspended)
      [08-23 14:04] pv ply 1     475,392,971 nodes     34,222/s   3.86 h cpu    9.5% of budget  (+33.33 h suspended)
      [08-23 14:05] pv ply 1     477,032,341 nodes     34,192/s   3.88 h cpu    9.5% of budget  (+33.33 h suspended)
      [08-23 14:06] pv ply 1     478,985,190 nodes     34,185/s   3.89 h cpu    9.6% of budget  (+33.33 h suspended)
      [08-23 14:06] pv ply 1     479,133,353 nodes     34,183/s   3.89 h cpu    9.6% of budget  (+33.33 h suspended)
      [08-23 14:07] pv ply 1     481,129,428 nodes     34,179/s   3.91 h cpu    9.6% of budget  (+33.33 h suspended)
      [08-23 14:08] pv ply 1     483,417,656 nodes     34,195/s   3.93 h cpu    9.7% of budget  (+33.33 h suspended)
      [08-23 14:09] pv ply 1     485,972,398 nodes     34,231/s   3.94 h cpu    9.7% of budget  (+33.33 h suspended)
      [08-23 14:07] pv ply 1     486,004,448 nodes     34,032/s   3.97 h cpu    9.7% of budget  (+33.27 h suspended)
      [08-23 14:08] pv ply 1     486,007,150 nodes     33,814/s   3.99 h cpu    9.7% of budget  (+33.27 h suspended)
      [08-23 14:09] pv ply 1     486,009,967 nodes     33,652/s   4.01 h cpu    9.7% of budget  (+33.27 h suspended)
      [08-23 14:10] pv ply 1     486,012,472 nodes     33,519/s   4.03 h cpu    9.7% of budget  (+33.27 h suspended)
      [08-23 14:11] pv ply 1     486,015,230 nodes     33,386/s   4.04 h cpu    9.7% of budget  (+33.27 h suspended)
      [08-23 14:12] pv ply 1     486,016,571 nodes     33,327/s   4.05 h cpu    9.7% of budget  (+33.27 h suspended)
      [08-23 14:12] pv ply 1     486,019,405 nodes     33,234/s   4.06 h cpu    9.7% of budget  (+33.27 h suspended)
      [08-23 14:13] pv ply 1     486,022,295 nodes     33,149/s   4.07 h cpu    9.7% of budget  (+33.27 h suspended)
      [08-23 14:13] pv ply 1     486,025,356 nodes     33,077/s   4.08 h cpu    9.7% of budget  (+33.27 h suspended)
      [08-23 14:14] pv ply 1     486,028,165 nodes     33,021/s   4.09 h cpu    9.7% of budget  (+33.27 h suspended)
      [08-23 14:14] pv ply 1     486,029,540 nodes     32,999/s   4.09 h cpu    9.7% of budget  (+33.27 h suspended)
      [08-23 14:14] pv ply 1     486,031,059 nodes     32,973/s   4.09 h cpu    9.7% of budget  (+33.27 h suspended)
      [08-23 14:14] pv ply 1     486,033,939 nodes     32,931/s   4.10 h cpu    9.7% of budget  (+33.27 h suspended)
      [08-23 14:15] pv ply 1     486,036,948 nodes     32,893/s   4.10 h cpu    9.7% of budget  (+33.27 h suspended)
      [08-23 14:15] pv ply 1     486,039,909 nodes     32,858/s   4.11 h cpu    9.7% of budget  (+33.27 h suspended)
      [08-23 14:15] pv ply 1     486,042,794 nodes     32,820/s   4.11 h cpu    9.7% of budget  (+33.27 h suspended)
      [08-23 14:16] pv ply 1     486,045,716 nodes     32,784/s   4.12 h cpu    9.7% of budget  (+33.27 h suspended)
      [08-23 14:16] pv ply 1     486,047,223 nodes     32,769/s   4.12 h cpu    9.7% of budget  (+33.27 h suspended)
      [08-23 14:16] pv ply 1     486,050,230 nodes     32,734/s   4.12 h cpu    9.7% of budget  (+33.27 h suspended)
      [08-23 14:16] pv ply 1     486,051,643 nodes     32,716/s   4.13 h cpu    9.7% of budget  (+33.27 h suspended)
      [08-23 14:16] pv ply 1     486,054,620 nodes     32,683/s   4.13 h cpu    9.7% of budget  (+33.27 h suspended)
      [08-23 14:17] pv ply 1     486,057,555 nodes     32,649/s   4.14 h cpu    9.7% of budget  (+33.27 h suspended)
      [08-23 14:18] pv ply 1     486,078,496 nodes     32,487/s   4.16 h cpu    9.7% of budget  (+33.27 h suspended)
      [08-23 14:18] pv ply 1     486,081,372 nodes     32,467/s   4.16 h cpu    9.7% of budget  (+33.27 h suspended)
      [08-23 14:18] pv ply 1     486,084,214 nodes     32,445/s   4.16 h cpu    9.7% of budget  (+33.27 h suspended)
      [08-23 14:18] pv ply 1     486,087,199 nodes     32,424/s   4.16 h cpu    9.7% of budget  (+33.27 h suspended)
      [08-23 14:18] pv ply 1     486,088,610 nodes     32,416/s   4.17 h cpu    9.7% of budget  (+33.27 h suspended)
      [08-23 14:19] pv ply 1     486,091,285 nodes     32,396/s   4.17 h cpu    9.7% of budget  (+33.27 h suspended)
      [08-23 14:19] pv ply 1     486,093,690 nodes     32,376/s   4.17 h cpu    9.7% of budget  (+33.27 h suspended)
      [08-23 14:19] pv ply 1     486,095,069 nodes     32,366/s   4.17 h cpu    9.7% of budget  (+33.27 h suspended)
      [08-23 14:19] pv ply 1     486,099,246 nodes     32,337/s   4.18 h cpu    9.7% of budget  (+33.27 h suspended)
      [08-23 14:19] pv ply 1     486,102,143 nodes     32,315/s   4.18 h cpu    9.7% of budget  (+33.27 h suspended)
      [08-23 14:19] pv ply 1     486,103,633 nodes     32,307/s   4.18 h cpu    9.7% of budget  (+33.27 h suspended)
      [08-23 14:19] pv ply 1     486,106,633 nodes     32,286/s   4.18 h cpu    9.7% of budget  (+33.27 h suspended)
      [08-23 14:20] pv ply 1     486,109,743 nodes     32,269/s   4.18 h cpu    9.7% of budget  (+33.27 h suspended)
      [08-23 14:20] pv ply 1     486,112,816 nodes     32,249/s   4.19 h cpu    9.7% of budget  (+33.27 h suspended)
      [08-23 14:20] pv ply 1     486,117,197 nodes     32,221/s   4.19 h cpu    9.7% of budget  (+33.27 h suspended)
      [08-23 14:20] pv ply 1     486,120,167 nodes     32,198/s   4.19 h cpu    9.7% of budget  (+33.27 h suspended)
      [08-23 14:20] pv ply 1     486,123,005 nodes     32,179/s   4.20 h cpu    9.7% of budget  (+33.27 h suspended)
      [08-23 14:20] pv ply 1     486,125,614 nodes     32,159/s   4.20 h cpu    9.7% of budget  (+33.27 h suspended)
      [08-23 14:21] pv ply 1     486,126,864 nodes     32,149/s   4.20 h cpu    9.7% of budget  (+33.27 h suspended)
      [08-23 14:21] pv ply 1     486,129,463 nodes     32,129/s   4.20 h cpu    9.7% of budget  (+33.27 h suspended)
      [08-23 14:21] pv ply 1     486,132,112 nodes     32,107/s   4.21 h cpu    9.7% of budget  (+33.27 h suspended)
      [08-23 14:21] pv ply 1     486,134,734 nodes     32,087/s   4.21 h cpu    9.7% of budget  (+33.27 h suspended)
      [08-23 14:21] pv ply 1     486,137,322 nodes     32,069/s   4.21 h cpu    9.7% of budget  (+33.27 h suspended)
      [08-23 14:21] pv ply 1     486,140,096 nodes     32,053/s   4.21 h cpu    9.7% of budget  (+33.27 h suspended)
      [08-23 14:21] pv ply 1     486,142,818 nodes     32,037/s   4.22 h cpu    9.7% of budget  (+33.27 h suspended)
      [08-23 14:22] pv ply 1     486,145,587 nodes     32,021/s   4.22 h cpu    9.7% of budget  (+33.27 h suspended)
      [08-23 14:22] pv ply 1     486,148,591 nodes     32,003/s   4.22 h cpu    9.7% of budget  (+33.27 h suspended)
      [08-23 14:22] pv ply 1     486,149,940 nodes     31,997/s   4.22 h cpu    9.7% of budget  (+33.27 h suspended)
      [08-23 14:22] pv ply 1     486,152,787 nodes     31,982/s   4.22 h cpu    9.7% of budget  (+33.27 h suspended)
      [08-23 14:22] pv ply 1     486,157,159 nodes     31,959/s   4.23 h cpu    9.7% of budget  (+33.27 h suspended)
      [08-23 14:22] pv ply 1     486,160,026 nodes     31,942/s   4.23 h cpu    9.7% of budget  (+33.27 h suspended)
      [08-23 14:22] pv ply 1     486,164,654 nodes     31,919/s   4.23 h cpu    9.7% of budget  (+33.27 h suspended)
      [08-23 14:23] pv ply 1     486,168,649 nodes     31,897/s   4.23 h cpu    9.7% of budget  (+33.27 h suspended)
      [08-23 14:23] pv ply 1     486,170,102 nodes     31,891/s   4.23 h cpu    9.7% of budget  (+33.27 h suspended)
      [08-23 14:23] pv ply 1     486,173,094 nodes     31,877/s   4.24 h cpu    9.7% of budget  (+33.27 h suspended)
      [08-23 14:23] pv ply 1     486,177,772 nodes     31,856/s   4.24 h cpu    9.7% of budget  (+33.27 h suspended)
      [08-23 14:23] pv ply 1     486,179,118 nodes     31,850/s   4.24 h cpu    9.7% of budget  (+33.27 h suspended)
      [08-23 14:23] pv ply 1     486,181,825 nodes     31,837/s   4.24 h cpu    9.7% of budget  (+33.27 h suspended)
      [08-23 14:23] pv ply 1     486,186,137 nodes     31,818/s   4.24 h cpu    9.7% of budget  (+33.27 h suspended)
      [08-23 14:23] pv ply 1     486,189,113 nodes     31,806/s   4.25 h cpu    9.7% of budget  (+33.27 h suspended)
      [08-23 14:23] pv ply 1     486,190,510 nodes     31,800/s   4.25 h cpu    9.7% of budget  (+33.27 h suspended)
      [08-23 14:23] pv ply 1     486,193,696 nodes     31,787/s   4.25 h cpu    9.7% of budget  (+33.27 h suspended)
      [08-23 14:24] pv ply 1     486,196,795 nodes     31,775/s   4.25 h cpu    9.7% of budget  (+33.27 h suspended)
      [08-23 14:24] pv ply 1     486,201,047 nodes     31,758/s   4.25 h cpu    9.7% of budget  (+33.27 h suspended)
      [08-23 14:24] pv ply 1     486,203,869 nodes     31,746/s   4.25 h cpu    9.7% of budget  (+33.27 h suspended)
      [08-23 14:24] pv ply 1     486,206,750 nodes     31,736/s   4.26 h cpu    9.7% of budget  (+33.27 h suspended)
      [08-23 14:24] pv ply 1     486,209,569 nodes     31,726/s   4.26 h cpu    9.7% of budget  (+33.27 h suspended)
      [08-23 14:24] pv ply 1     486,212,218 nodes     31,716/s   4.26 h cpu    9.7% of budget  (+33.27 h suspended)
      [08-23 14:24] pv ply 1     486,215,376 nodes     31,705/s   4.26 h cpu    9.7% of budget  (+33.27 h suspended)
      [08-23 14:24] pv ply 1     486,218,207 nodes     31,695/s   4.26 h cpu    9.7% of budget  (+33.27 h suspended)
      [08-23 14:24] pv ply 1     486,220,704 nodes     31,685/s   4.26 h cpu    9.7% of budget  (+33.27 h suspended)
      [08-23 14:24] pv ply 1     486,223,337 nodes     31,676/s   4.26 h cpu    9.7% of budget  (+33.27 h suspended)
      [08-23 14:24] pv ply 1     486,225,949 nodes     31,667/s   4.27 h cpu    9.7% of budget  (+33.27 h suspended)
      [08-23 14:24] pv ply 1     486,228,985 nodes     31,657/s   4.27 h cpu    9.7% of budget  (+33.27 h suspended)
      [08-23 14:25] pv ply 1     486,231,551 nodes     31,648/s   4.27 h cpu    9.7% of budget  (+33.27 h suspended)
      [08-23 14:25] pv ply 1     486,234,417 nodes     31,636/s   4.27 h cpu    9.7% of budget  (+33.27 h suspended)
      [08-23 14:25] pv ply 1     486,237,298 nodes     31,626/s   4.27 h cpu    9.7% of budget  (+33.27 h suspended)
      [08-23 14:25] pv ply 1     486,239,901 nodes     31,617/s   4.27 h cpu    9.7% of budget  (+33.27 h suspended)
      [08-23 14:25] pv ply 1     486,244,000 nodes     31,603/s   4.27 h cpu    9.7% of budget  (+33.27 h suspended)
      [08-23 14:28] pv ply 1     486,246,829 nodes     31,217/s   4.33 h cpu    9.7% of budget  (+33.27 h suspended)
      [08-23 14:28] pv ply 1     486,249,411 nodes     31,200/s   4.33 h cpu    9.7% of budget  (+33.27 h suspended)
      [08-23 14:28] pv ply 1     486,255,024 nodes     31,191/s   4.33 h cpu    9.7% of budget  (+33.27 h suspended)
      [08-23 14:28] pv ply 1     486,260,737 nodes     31,182/s   4.33 h cpu    9.7% of budget  (+33.27 h suspended)
      [08-23 14:29] pv ply 1     486,265,875 nodes     31,171/s   4.33 h cpu    9.7% of budget  (+33.27 h suspended)
      [08-23 14:32] pv ply 1     486,269,823 nodes     31,163/s   4.33 h cpu    9.7% of budget  (+33.33 h suspended)
      [08-23 14:30] pv ply 1     486,321,774 nodes     31,044/s   4.35 h cpu    9.7% of budget  (+33.27 h suspended)
      [08-23 14:30] pv ply 1     486,324,482 nodes     31,037/s   4.35 h cpu    9.7% of budget  (+33.27 h suspended)
      [08-23 14:33] pv ply 1     486,328,547 nodes     31,028/s   4.35 h cpu    9.7% of budget  (+33.33 h suspended)
      [08-23 14:33] pv ply 1     486,332,244 nodes     31,018/s   4.36 h cpu    9.7% of budget  (+33.33 h suspended)
      [08-23 14:34] pv ply 1     486,336,391 nodes     31,008/s   4.36 h cpu    9.7% of budget  (+33.33 h suspended)
      [08-23 14:31] pv ply 1     486,398,204 nodes     30,889/s   4.37 h cpu    9.7% of budget  (+33.27 h suspended)
      [08-23 14:31] pv ply 1     486,404,177 nodes     30,873/s   4.38 h cpu    9.7% of budget  (+33.27 h suspended)
      [08-23 14:31] pv ply 1     486,412,894 nodes     30,851/s   4.38 h cpu    9.7% of budget  (+33.27 h suspended)
      [08-23 14:31] pv ply 1     486,416,909 nodes     30,843/s   4.38 h cpu    9.7% of budget  (+33.27 h suspended)
      [08-23 14:32] pv ply 1     486,422,774 nodes     30,821/s   4.38 h cpu    9.7% of budget  (+33.27 h suspended)
      [08-23 14:32] pv ply 1     486,425,460 nodes     30,812/s   4.39 h cpu    9.7% of budget  (+33.27 h suspended)
      [08-23 14:32] pv ply 1     486,428,176 nodes     30,804/s   4.39 h cpu    9.7% of budget  (+33.27 h suspended)
      [08-23 14:32] pv ply 1     486,432,410 nodes     30,796/s   4.39 h cpu    9.7% of budget  (+33.27 h suspended)
      [08-23 14:32] pv ply 1     486,437,855 nodes     30,786/s   4.39 h cpu    9.7% of budget  (+33.27 h suspended)
      [08-23 14:32] pv ply 1     486,441,638 nodes     30,775/s   4.39 h cpu    9.7% of budget  (+33.27 h suspended)
      [08-23 14:32] pv ply 1     486,444,244 nodes     30,768/s   4.39 h cpu    9.7% of budget  (+33.27 h suspended)
      [08-23 14:36] pv ply 1     486,451,370 nodes     30,750/s   4.39 h cpu    9.7% of budget  (+33.33 h suspended)
      [08-23 14:32] pv ply 1     486,455,289 nodes     30,740/s   4.40 h cpu    9.7% of budget  (+33.27 h suspended)
      [08-23 14:32] pv ply 1     486,459,378 nodes     30,730/s   4.40 h cpu    9.7% of budget  (+33.27 h suspended)
      [08-23 14:32] pv ply 1     486,467,713 nodes     30,717/s   4.40 h cpu    9.7% of budget  (+33.27 h suspended)
      [08-23 14:36] pv ply 1     486,472,027 nodes     30,713/s   4.40 h cpu    9.7% of budget  (+33.33 h suspended)
      [08-23 14:34] pv ply 1     486,534,462 nodes     30,594/s   4.42 h cpu    9.7% of budget  (+33.27 h suspended)
      [08-23 14:35] pv ply 1     486,577,525 nodes     30,474/s   4.44 h cpu    9.7% of budget  (+33.27 h suspended)
      [08-23 14:35] pv ply 1     486,580,216 nodes     30,466/s   4.44 h cpu    9.7% of budget  (+33.27 h suspended)
      [08-23 14:35] pv ply 1     486,583,043 nodes     30,459/s   4.44 h cpu    9.7% of budget  (+33.27 h suspended)
      [08-23 14:35] pv ply 1     486,585,529 nodes     30,447/s   4.44 h cpu    9.7% of budget  (+33.27 h suspended)
      [08-23 14:39] pv ply 1     486,603,433 nodes     30,432/s   4.44 h cpu    9.7% of budget  (+33.33 h suspended)
      [08-23 14:36] pv ply 1     487,316,573 nodes     30,363/s   4.46 h cpu    9.7% of budget  (+33.27 h suspended)
      [08-23 14:40] pv ply 1     487,408,938 nodes     30,359/s   4.46 h cpu    9.7% of budget  (+33.33 h suspended)
      [08-23 14:41] pv ply 1     488,588,096 nodes     30,319/s   4.48 h cpu    9.8% of budget  (+33.33 h suspended)
      [08-23 14:42] pv ply 1     490,069,251 nodes     30,298/s   4.49 h cpu    9.8% of budget  (+33.33 h suspended)
      [08-23 14:43] pv ply 1     491,809,644 nodes     30,293/s   4.51 h cpu    9.8% of budget  (+33.33 h suspended)
      [08-23 14:43] pv ply 1     491,932,693 nodes     30,291/s   4.51 h cpu    9.8% of budget  (+33.33 h suspended)
      [08-23 14:44] pv ply 1     493,751,109 nodes     30,291/s   4.53 h cpu    9.9% of budget  (+33.33 h suspended)
      [08-23 14:45] pv ply 1     495,717,448 nodes     30,300/s   4.54 h cpu    9.9% of budget  (+33.33 h suspended)
      [08-23 14:46] pv ply 1     497,538,062 nodes     30,300/s   4.56 h cpu   10.0% of budget  (+33.33 h suspended)
      [08-23 14:47] pv ply 1     499,724,878 nodes     30,322/s   4.58 h cpu   10.0% of budget  (+33.33 h suspended)
      [08-23 14:48] pv ply 1     501,922,784 nodes     30,345/s   4.59 h cpu   10.0% of budget  (+33.33 h suspended)
      [08-23 14:48] pv ply 1     502,084,537 nodes     30,346/s   4.60 h cpu   10.0% of budget  (+33.33 h suspended)
      [08-23 14:49] pv ply 1     503,880,864 nodes     30,344/s   4.61 h cpu   10.1% of budget  (+33.33 h suspended)
      [08-23 14:46] pv ply 1     504,326,972 nodes     30,260/s   4.63 h cpu   10.1% of budget  (+33.27 h suspended)
      [08-23 14:46] pv ply 1     504,332,592 nodes     30,250/s   4.63 h cpu   10.1% of budget  (+33.27 h suspended)
      [08-23 14:47] pv ply 1     504,342,633 nodes     30,203/s   4.64 h cpu   10.1% of budget  (+33.27 h suspended)
      [08-23 14:48] pv ply 1     504,373,727 nodes     30,045/s   4.66 h cpu   10.1% of budget  (+33.27 h suspended)
      [08-23 14:48] pv ply 1     504,378,464 nodes     30,028/s   4.67 h cpu   10.1% of budget  (+33.27 h suspended)
      [08-23 14:49] pv ply 1     504,384,963 nodes     29,921/s   4.68 h cpu   10.1% of budget  (+33.27 h suspended)
      [08-23 14:50] pv ply 1     504,393,019 nodes     29,871/s   4.69 h cpu   10.1% of budget  (+33.27 h suspended)
      [08-23 14:51] pv ply 1     504,407,394 nodes     29,803/s   4.70 h cpu   10.1% of budget  (+33.27 h suspended)
      [08-23 14:51] pv ply 1     504,413,212 nodes     29,751/s   4.71 h cpu   10.1% of budget  (+33.27 h suspended)
      [08-23 14:53] pv ply 1     504,440,676 nodes     29,542/s   4.74 h cpu   10.1% of budget  (+33.27 h suspended)
      [08-23 14:54] pv ply 1     504,449,906 nodes     29,403/s   4.77 h cpu   10.1% of budget  (+33.27 h suspended)
      [08-23 14:55] pv ply 1     504,451,181 nodes     29,391/s   4.77 h cpu   10.1% of budget  (+33.27 h suspended)
      [08-23 14:56] pv ply 1     504,458,885 nodes     29,256/s   4.79 h cpu   10.1% of budget  (+33.27 h suspended)
      [08-23 14:56] pv ply 1     504,463,624 nodes     29,230/s   4.79 h cpu   10.1% of budget  (+33.27 h suspended)
nohup: ignoring input

  === EXP-002 PV audit — 5x3-h2 ===
  database: data/checkpoints/5x3-h2
  root value from the sweep: P1
  interpreter: pypy 3.11.15
  node budget: 5,000,000,000 per position
  transposition table: 2^26 slots
  heartbeat: every 60s
  memory ceiling: 12.4 GiB resident
  RESUMING from results/exp002-pv-audit-5x3-h2.json: 1 PV positions and 0 first moves decided

  principal variation, 15 plies:
    A1:P1:0 E3:P6:0 A2:P2-adj:0 E2:P3-y:5 A3:P2-skip:0 E1:P3-fan:5 B1:P2-opp:0 D3:P2-opp:2 B2:P3-fan:3 D2:P2-skip:5 B3:P6:0 D1:P2-adj:5 C1:P3-y:2 C3:P1:5 C2:P3-tri:0

  part 1 — re-deriving every position on the PV by forward search
    (independent table per position — see the comment in the source)
    ply  0  (from a previous session)
      [08-23 21:07] pv ply 1          71,885 nodes     18,629/s   0.00 h cpu    0.0% of budget    7.4 GiB  (+0.06 h suspended)
      [08-23 21:08] pv ply 1       4,937,545 nodes     77,305/s   0.02 h cpu    0.1% of budget    2.5 GiB  (+0.06 h suspended)
      [08-23 21:09] pv ply 1      12,278,364 nodes     99,078/s   0.03 h cpu    0.2% of budget    3.0 GiB  (+0.06 h suspended)
      [08-23 21:10] pv ply 1      18,946,036 nodes    102,926/s   0.05 h cpu    0.4% of budget    3.3 GiB  (+0.06 h suspended)
      [08-23 21:11] pv ply 1      25,579,652 nodes    104,752/s   0.07 h cpu    0.5% of budget    4.0 GiB  (+0.06 h suspended)
      [08-23 21:12] pv ply 1      32,796,257 nodes    107,776/s   0.08 h cpu    0.7% of budget    4.3 GiB  (+0.06 h suspended)
      [08-23 21:13] pv ply 1      39,019,867 nodes    107,079/s   0.10 h cpu    0.8% of budget    5.0 GiB  (+0.06 h suspended)
      [08-23 21:14] pv ply 1      46,892,735 nodes    110,464/s   0.12 h cpu    0.9% of budget    5.1 GiB  (+0.06 h suspended)
      [08-23 21:15] pv ply 1      54,002,947 nodes    111,442/s   0.13 h cpu    1.1% of budget    5.6 GiB  (+0.06 h suspended)
      [08-23 21:16] pv ply 1      63,176,324 nodes    115,990/s   0.15 h cpu    1.3% of budget    5.6 GiB  (+0.06 h suspended)
      [08-23 21:17] pv ply 1      70,148,872 nodes    115,993/s   0.17 h cpu    1.4% of budget    6.1 GiB  (+0.06 h suspended)
      [08-23 21:18] pv ply 1      79,027,155 nodes    118,867/s   0.18 h cpu    1.6% of budget    6.1 GiB  (+0.06 h suspended)
      [08-23 21:19] pv ply 1      85,306,851 nodes    117,657/s   0.20 h cpu    1.7% of budget    6.6 GiB  (+0.06 h suspended)
      [08-23 21:15] pv ply 1      85,328,458 nodes    116,723/s   0.20 h cpu    1.7% of budget    6.6 GiB
      [08-23 21:19] pv ply 1      85,693,764 nodes    116,600/s   0.20 h cpu    1.7% of budget    6.6 GiB  (+0.06 h suspended)
      [08-23 21:20] pv ply 1      92,744,408 nodes    116,655/s   0.22 h cpu    1.9% of budget    6.6 GiB  (+0.06 h suspended)
      [08-23 21:21] pv ply 1      99,424,322 nodes    116,271/s   0.24 h cpu    2.0% of budget    7.0 GiB  (+0.06 h suspended)
      [08-23 21:22] pv ply 1     105,029,994 nodes    114,761/s   0.25 h cpu    2.1% of budget    7.0 GiB  (+0.06 h suspended)
      [08-23 21:23] pv ply 1     111,632,698 nodes    114,459/s   0.27 h cpu    2.2% of budget    7.2 GiB  (+0.06 h suspended)
      [08-23 21:21] pv ply 1     116,423,706 nodes    112,281/s   0.29 h cpu    2.3% of budget    7.6 GiB
      [08-23 21:24] pv ply 1     116,726,969 nodes    112,194/s   0.29 h cpu    2.3% of budget    7.6 GiB  (+0.06 h suspended)
      [08-23 21:25] pv ply 1     123,527,524 nodes    112,244/s   0.31 h cpu    2.5% of budget    7.6 GiB  (+0.06 h suspended)
      [08-23 21:26] pv ply 1     130,362,598 nodes    112,323/s   0.32 h cpu    2.6% of budget    7.8 GiB  (+0.06 h suspended)
      [08-23 21:27] pv ply 1     134,765,378 nodes    110,398/s   0.34 h cpu    2.7% of budget    8.0 GiB  (+0.06 h suspended)
      [08-23 21:28] pv ply 1     142,269,192 nodes    111,080/s   0.36 h cpu    2.8% of budget    8.0 GiB  (+0.06 h suspended)
      [08-23 21:29] pv ply 1     149,398,588 nodes    111,419/s   0.37 h cpu    3.0% of budget    8.4 GiB  (+0.06 h suspended)
      [08-23 21:30] pv ply 1     153,799,831 nodes    109,780/s   0.39 h cpu    3.1% of budget    8.4 GiB  (+0.06 h suspended)
      [08-23 21:31] pv ply 1     160,963,380 nodes    110,166/s   0.41 h cpu    3.2% of budget    8.5 GiB  (+0.06 h suspended)
      [08-23 21:32] pv ply 1     166,519,037 nodes    109,457/s   0.42 h cpu    3.3% of budget    8.8 GiB  (+0.06 h suspended)
      [08-23 21:32] pv ply 1     166,541,006 nodes    109,115/s   0.42 h cpu    3.3% of budget    8.8 GiB  (+0.06 h suspended)
      [08-23 21:33] pv ply 1     172,743,135 nodes    108,897/s   0.44 h cpu    3.5% of budget    8.8 GiB  (+0.06 h suspended)
      [08-23 21:34] pv ply 1     180,097,015 nodes    109,388/s   0.46 h cpu    3.6% of budget    8.9 GiB  (+0.06 h suspended)
      [08-23 21:35] pv ply 1     184,181,150 nodes    107,930/s   0.47 h cpu    3.7% of budget    9.1 GiB  (+0.06 h suspended)
      [08-23 21:36] pv ply 1     190,432,893 nodes    107,798/s   0.49 h cpu    3.8% of budget    9.1 GiB  (+0.06 h suspended)
      [08-23 21:37] pv ply 1     197,221,241 nodes    107,966/s   0.51 h cpu    3.9% of budget    9.3 GiB  (+0.06 h suspended)
      [08-23 21:38] pv ply 1     200,692,825 nodes    106,358/s   0.52 h cpu    4.0% of budget    9.5 GiB  (+0.06 h suspended)
      [08-23 21:39] pv ply 1     207,387,529 nodes    106,519/s   0.54 h cpu    4.1% of budget    9.5 GiB  (+0.06 h suspended)
      [08-23 21:40] pv ply 1     214,968,144 nodes    107,111/s   0.56 h cpu    4.3% of budget    9.8 GiB  (+0.06 h suspended)
      [08-23 21:41] pv ply 1     219,285,574 nodes    106,086/s   0.57 h cpu    4.4% of budget    9.9 GiB  (+0.06 h suspended)
      [08-23 21:42] pv ply 1     227,106,201 nodes    106,766/s   0.59 h cpu    4.5% of budget    9.9 GiB  (+0.06 h suspended)
      [08-23 21:43] pv ply 1     234,087,328 nodes    107,017/s   0.61 h cpu    4.7% of budget   10.3 GiB  (+0.06 h suspended)
      [08-23 21:44] pv ply 1     238,519,517 nodes    106,132/s   0.62 h cpu    4.8% of budget   10.3 GiB  (+0.06 h suspended)
      [08-23 21:45] pv ply 1     246,570,205 nodes    106,859/s   0.64 h cpu    4.9% of budget   10.4 GiB  (+0.06 h suspended)
      [08-23 21:46] pv ply 1     251,655,244 nodes    106,286/s   0.66 h cpu    5.0% of budget   10.6 GiB  (+0.06 h suspended)
      [08-23 21:47] pv ply 1     258,112,701 nodes    106,319/s   0.67 h cpu    5.2% of budget   10.7 GiB  (+0.06 h suspended)
      [08-23 21:48] pv ply 1     266,052,878 nodes    106,946/s   0.69 h cpu    5.3% of budget   10.8 GiB  (+0.06 h suspended)
      [08-23 21:49] pv ply 1     269,592,341 nodes    105,814/s   0.71 h cpu    5.4% of budget   11.0 GiB  (+0.06 h suspended)
      [08-23 21:50] pv ply 1     277,364,461 nodes    106,356/s   0.72 h cpu    5.5% of budget   11.0 GiB  (+0.06 h suspended)
      [08-23 21:51] pv ply 1     284,861,677 nodes    106,770/s   0.74 h cpu    5.7% of budget   11.3 GiB  (+0.06 h suspended)
      [08-23 21:52] pv ply 1     288,425,557 nodes    105,724/s   0.76 h cpu    5.8% of budget   11.3 GiB  (+0.06 h suspended)
      [08-23 21:53] pv ply 1     296,773,962 nodes    106,438/s   0.77 h cpu    5.9% of budget   11.3 GiB  (+0.06 h suspended)
      [08-23 21:51] pv ply 1     302,419,440 nodes    106,173/s   0.79 h cpu    6.0% of budget   11.6 GiB  (+0.06 h suspended)
      [08-23 21:54] pv ply 1     302,443,033 nodes    105,996/s   0.79 h cpu    6.0% of budget   11.6 GiB  (+0.06 h suspended)
      [08-23 21:55] pv ply 1     308,800,845 nodes    105,991/s   0.81 h cpu    6.2% of budget   11.6 GiB  (+0.06 h suspended)
      [08-23 21:56] pv ply 1     317,015,550 nodes    106,592/s   0.83 h cpu    6.3% of budget   11.6 GiB  (+0.06 h suspended)
      [08-23 21:54] pv ply 1     320,607,651 nodes    105,567/s   0.84 h cpu    6.4% of budget   11.9 GiB
      [08-23 21:58] pv ply 1     320,793,514 nodes    105,552/s   0.84 h cpu    6.4% of budget   11.9 GiB  (+0.06 h suspended)
      [08-23 21:59] pv ply 1     329,211,323 nodes    106,221/s   0.86 h cpu    6.6% of budget   11.9 GiB  (+0.06 h suspended)
      [08-23 22:00] pv ply 1     337,290,934 nodes    106,757/s   0.88 h cpu    6.7% of budget   12.0 GiB  (+0.06 h suspended)
      [08-23 22:01] pv ply 1     340,490,935 nodes    105,758/s   0.89 h cpu    6.8% of budget   12.1 GiB  (+0.06 h suspended)
      [08-23 22:02] pv ply 1     348,793,323 nodes    106,352/s   0.91 h cpu    7.0% of budget   12.1 GiB  (+0.06 h suspended)
      [08-23 22:03] pv ply 1     356,380,866 nodes    106,710/s   0.93 h cpu    7.1% of budget   12.3 GiB  (+0.06 h suspended)
      [08-23 22:03] pv ply 1     356,401,994 nodes    106,553/s   0.93 h cpu    7.1% of budget   12.3 GiB  (+0.06 h suspended)
      [08-23 22:04] pv ply 1     360,599,619 nodes    105,908/s   0.95 h cpu    7.2% of budget   12.3 GiB  (+0.06 h suspended)
      [08-23 22:05] pv ply 1     368,869,607 nodes    106,459/s   0.96 h cpu    7.4% of budget   12.3 GiB  (+0.06 h suspended)
      [08-23 22:06] pv ply 1     374,186,567 nodes    106,152/s   0.98 h cpu    7.5% of budget   12.5 GiB  (+0.06 h suspended)
      [pv ply 1] STOPPING: 12.5 GiB resident is past the 12.4 GiB ceiling. Lower --tt-bits and resume; this position will be recorded unproven.
    ply  1  sweep=LOSS  unproven    374,186,568 nodes
      [08-23 22:06] pv ply 2          11,146 nodes      3,559/s   0.00 h cpu    0.0% of budget   13.0 GiB  (+0.06 h suspended)
      [pv ply 2] STOPPING: 13.0 GiB resident is past the 12.4 GiB ceiling. Lower --tt-bits and resume; this position will be recorded unproven.
    ply  2  sweep=WIN   unproven         11,147 nodes
      [08-23 22:02] pv ply 3          14,758 nodes      1,847/s   0.00 h cpu    0.0% of budget   13.5 GiB
      [pv ply 3] STOPPING: 13.5 GiB resident is past the 12.4 GiB ceiling. Lower --tt-bits and resume; this position will be recorded unproven.
    ply  3  sweep=LOSS  unproven         14,759 nodes
      [08-23 22:06] pv ply 4         226,330 nodes     56,991/s   0.00 h cpu    0.0% of budget   14.0 GiB  (+0.06 h suspended)
      [pv ply 4] STOPPING: 14.0 GiB resident is past the 12.4 GiB ceiling. Lower --tt-bits and resume; this position will be recorded unproven.
    ply  4  sweep=WIN   unproven        226,331 nodes
      [08-23 22:06] pv ply 5         249,944 nodes     95,808/s   0.00 h cpu    0.0% of budget   14.6 GiB  (+0.06 h suspended)
      [pv ply 5] STOPPING: 14.6 GiB resident is past the 12.4 GiB ceiling. Lower --tt-bits and resume; this position will be recorded unproven.
    ply  5  sweep=LOSS  unproven        250,991 nodes
      [08-23 22:06] pv ply 6         161,267 nodes     66,134/s   0.00 h cpu    0.0% of budget   14.6 GiB  (+0.06 h suspended)
      [pv ply 6] STOPPING: 14.6 GiB resident is past the 12.4 GiB ceiling. Lower --tt-bits and resume; this position will be recorded unproven.
    ply  6  sweep=WIN   unproven        162,154 nodes
      [08-23 22:03] pv ply 7           1,012 nodes         59/s   0.00 h cpu    0.0% of budget   14.5 GiB
      [pv ply 7] STOPPING: 14.5 GiB resident is past the 12.4 GiB ceiling. Lower --tt-bits and resume; this position will be recorded unproven.
    ply  7  sweep=LOSS  unproven          1,888 nodes
nohup: ignoring input

  === EXP-002 PV audit — 5x3-h2 ===
  database: data/checkpoints/5x3-h2
  root value from the sweep: P1
  interpreter: pypy 3.11.15
  node budget: 5,000,000,000 per position
  transposition table: 2^28 slots, 7.00 GiB when full
  heartbeat: every 300s
  memory ceiling: 12.4 GiB resident
  RESUMING from results/exp002-pv-audit-5x3-h2.json: 1 PV positions and 0 first moves decided
  retrying 7 PV positions and 0 first moves that ran out of budget last time

  principal variation, 15 plies:
    A1:P1:0 E3:P6:0 A2:P2-adj:0 E2:P3-y:5 A3:P2-skip:0 E1:P3-fan:5 B1:P2-opp:0 D3:P2-opp:2 B2:P3-fan:3 D2:P2-skip:5 B3:P6:0 D1:P2-adj:5 C1:P3-y:2 C3:P1:5 C2:P3-tri:0

  part 1 — re-deriving every position on the PV by forward search
    (independent table per position — see the comment in the source)
    ply  0  (from a previous session)
      [08-23 23:44] pv ply 1      46,628,290 nodes    154,348/s   0.08 h cpu    0.9% of budget    8.1 GiB
      [08-23 23:49] pv ply 1      99,426,665 nodes    165,027/s   0.17 h cpu    2.0% of budget    8.1 GiB
      [08-23 23:54] pv ply 1     150,014,007 nodes    166,065/s   0.25 h cpu    3.0% of budget    8.1 GiB
      [08-23 23:59] pv ply 1     194,100,408 nodes    161,237/s   0.33 h cpu    3.9% of budget    8.1 GiB
      [08-24 00:04] pv ply 1     239,541,700 nodes    159,240/s   0.42 h cpu    4.8% of budget    8.1 GiB
      [08-24 00:09] pv ply 1     287,557,337 nodes    159,332/s   0.50 h cpu    5.8% of budget    8.1 GiB
      [08-24 00:14] pv ply 1     332,277,991 nodes    157,835/s   0.58 h cpu    6.6% of budget    8.1 GiB
      [08-24 00:19] pv ply 1     380,328,995 nodes    158,093/s   0.67 h cpu    7.6% of budget    8.1 GiB
      [08-24 00:24] pv ply 1     431,890,812 nodes    159,593/s   0.75 h cpu    8.6% of budget    8.1 GiB
      [08-24 00:29] pv ply 1     482,585,842 nodes    160,507/s   0.84 h cpu    9.7% of budget    8.1 GiB
      [08-24 00:34] pv ply 1     532,785,179 nodes    161,104/s   0.92 h cpu   10.7% of budget    8.1 GiB
      [08-24 00:39] pv ply 1     583,051,365 nodes    161,623/s   1.00 h cpu   11.7% of budget    8.1 GiB
    ply  1  sweep=LOSS  agree       611,392,685 nodes
      [08-24 00:44] pv ply 2      12,942,340 nodes    152,948/s   0.02 h cpu    0.3% of budget    8.1 GiB  (+0.06 h suspended)
      [08-24 00:49] pv ply 2      65,899,117 nodes    171,133/s   0.11 h cpu    1.3% of budget    8.1 GiB  (+0.06 h suspended)
    ply  2  sweep=WIN   agree        69,261,302 nodes
      [08-24 00:50] pv ply 3      12,062,749 nodes    149,160/s   0.02 h cpu    0.2% of budget    8.0 GiB  (+0.06 h suspended)
      [08-24 00:55] pv ply 3      66,104,367 nodes    173,466/s   0.11 h cpu    1.3% of budget    8.1 GiB  (+0.06 h suspended)
    ply  3  sweep=LOSS  agree        69,261,301 nodes
    ply  4  sweep=WIN   agree         9,532,471 nodes
    ply  5  sweep=LOSS  agree         9,532,470 nodes
    ply  6  sweep=WIN   agree           995,743 nodes
    ply  7  sweep=LOSS  agree           995,742 nodes
    ply  8  sweep=WIN   agree            65,711 nodes
    ply  9  sweep=LOSS  agree            49,895 nodes
    ply 10  sweep=WIN   agree             3,403 nodes
    ply 11  sweep=LOSS  agree             1,315 nodes
    ply 12  sweep=WIN   agree                54 nodes
    ply 13  sweep=LOSS  agree                24 nodes
    ply 14  sweep=WIN   agree                 2 nodes

  part 2 — SKIPPED (--parts pv); 0/540 rows carried over

    PV positions .......... 15 agree, 0 disagree, 0 unproven
    first moves ........... 0 agree, 0 disagree, 0 unproven
    coverage (first moves)  0.0%
    elapsed ............... 4,807.1s

    5x3-h2: INCOMPLETE — no disagreement, but not full cover

    artefact -> results/exp002-pv-audit-5x3-h2.json
nohup: ignoring input

  === EXP-002 PV audit — 5x3-h2 ===
  database: data/checkpoints/5x3-h2
  root value from the sweep: P1
  interpreter: pypy 3.11.15
  node budget: 5,000,000,000 per position
  transposition table: 2^28 slots, 7.00 GiB when full
  heartbeat: every 300s
  memory ceiling: 12.4 GiB resident
  RESUMING from results/exp002-pv-audit-5x3-h2.json: 15 PV positions and 0 first moves decided

  principal variation, 15 plies:
    A1:P1:0 E3:P6:0 A2:P2-adj:0 E2:P3-y:5 A3:P2-skip:0 E1:P3-fan:5 B1:P2-opp:0 D3:P2-opp:2 B2:P3-fan:3 D2:P2-skip:5 B3:P6:0 D1:P2-adj:5 C1:P3-y:2 C3:P1:5 C2:P3-tri:0

